"dist","bird","date","release"
11.2432984045399,"Robin",2022-10-29,"October"
13.7669770215913,"Robin",2022-10-30,"October"
13.2488350369752,"Robin",2022-10-31,"October"
15.4141500341975,"Robin",2022-11-01,"October"
17.1789597071708,"Robin",2022-11-02,"October"
15.8001447171598,"Robin",2022-11-03,"October"
14.42672777628,"Robin",2022-11-04,"October"
17.0735895019889,"Robin",2022-11-05,"October"
15.0248908101751,"Robin",2022-11-06,"October"
17.2535261466216,"Robin",2022-11-07,"October"
23.9924192348846,"Robin",2022-11-08,"October"
15.4286653701893,"Robin",2022-11-09,"October"
10.444814720268,"Robin",2022-11-10,"October"
11.1222901865283,"Robin",2022-11-11,"October"
10.20386826718,"Robin",2022-11-12,"October"
14.6585541473548,"Robin",2022-11-13,"October"
14.8256392265473,"Robin",2022-11-14,"October"
14.8696929125931,"Robin",2022-11-15,"October"
18.9895006074816,"Robin",2022-11-16,"October"
14.7997969179678,"Robin",2022-11-17,"October"
19.7376424405208,"Robin",2022-11-18,"October"
13.0017867231649,"Robin",2022-11-19,"October"
10.5495411117806,"Robin",2022-11-20,"October"
14.6500307242208,"Robin",2022-11-21,"October"
10.5917415890461,"Robin",2022-11-22,"October"
8.92756504326055,"Robin",2022-11-23,"October"
12.0034581398159,"Robin",2022-11-24,"October"
12.1282754848751,"Robin",2022-11-25,"October"
16.4663930329591,"Robin",2022-11-26,"October"
13.0780065389251,"Robin",2022-11-27,"October"
14.6182946341273,"Robin",2022-11-28,"October"
17.2287940168176,"Robin",2022-11-29,"October"
13.6727956489845,"Robin",2022-11-30,"October"
10.5778497518105,"Robin",2022-12-01,"October"
12.2363741513236,"Robin",2022-12-02,"October"
17.5759209871324,"Robin",2022-12-03,"October"
10.4133978113172,"Robin",2022-12-04,"October"
15.9843452731376,"Robin",2022-12-05,"October"
12.5362132704123,"Robin",2022-12-06,"October"
12.9588210156458,"Robin",2022-12-07,"October"
12.0954085864074,"Robin",2022-12-08,"October"
17.2408213146297,"Robin",2022-12-09,"October"
20.1081909635951,"Robin",2022-12-10,"October"
10.9329533239667,"Robin",2022-12-11,"October"
11.7870205986814,"Robin",2022-12-12,"October"
15.5723700985265,"Robin",2022-12-13,"October"
19.1100105878129,"Robin",2022-12-14,"October"
21.1915242597452,"Robin",2022-12-15,"October"
18.4599814969135,"Robin",2022-12-16,"October"
21.4033836025786,"Robin",2022-12-17,"October"
18.2696923996017,"Robin",2022-12-18,"October"
20.483210788937,"Robin",2022-12-19,"October"
18.1918029680933,"Robin",2022-12-20,"October"
13.3806018555258,"Robin",2022-12-21,"October"
12.1156050833664,"Robin",2022-12-22,"October"
12.2622813212364,"Robin",2022-12-23,"October"
11.7460093916411,"Robin",2022-12-24,"October"
10.691980751014,"Robin",2022-12-25,"October"
10.6780245448569,"Robin",2022-12-26,"October"
9.50139979243124,"Robin",2022-12-27,"October"
7.48312796961501,"Robin",2022-12-28,"October"
10.2950328503037,"Robin",2022-12-29,"October"
9.02979164651281,"Robin",2022-12-30,"October"
9.15924242632137,"Robin",2022-12-31,"October"
11.4602273711265,"Robin",2023-01-01,"October"
11.5326279097393,"Robin",2023-01-02,"October"
12.5274152627751,"Robin",2023-01-03,"October"
11.8881346778162,"Robin",2023-01-04,"October"
14.6025052538531,"Robin",2023-01-05,"October"
14.8433311709617,"Robin",2023-01-06,"October"
18.3517414845262,"Robin",2023-01-07,"October"
10.3543956865721,"Robin",2023-01-08,"October"
10.4717536476024,"Robin",2023-01-09,"October"
13.6445546046523,"Robin",2023-01-10,"October"
11.7250512758489,"Robin",2023-01-11,"October"
10.4538601351255,"Robin",2023-01-12,"October"
12.5265662419587,"Robin",2023-01-13,"October"
10.6889721810914,"Robin",2023-01-14,"October"
11.9857053268599,"Robin",2023-01-15,"October"
11.7803254702131,"Robin",2023-01-16,"October"
7.09130579181644,"Robin",2023-01-17,"October"
8.58754479956058,"Robin",2023-01-18,"October"
10.057043886174,"Robin",2023-01-19,"October"
13.4712333630143,"Robin",2023-01-20,"October"
15.0044098830857,"Robin",2023-01-21,"October"
12.1325462315751,"Robin",2023-01-22,"October"
9.37931503765971,"Robin",2023-01-23,"October"
12.8699846280172,"Robin",2023-01-24,"October"
11.6553323143297,"Robin",2023-01-25,"October"
18.4313651024833,"Robin",2023-01-26,"October"
12.0119626662027,"Robin",2023-01-27,"October"
9.2558405566867,"Robin",2023-01-28,"October"
7.76404132022121,"Robin",2023-01-29,"October"
11.0339792009194,"Robin",2023-01-30,"October"
14.9327224368933,"Robin",2023-01-31,"October"
8.86759990021554,"Robin",2023-02-01,"October"
11.7959002331172,"Robin",2023-02-02,"October"
13.5437468497442,"Robin",2023-02-03,"October"
14.7848298407603,"Robin",2023-02-04,"October"
9.08573101468539,"Robin",2023-02-05,"October"
11.068743698271,"Robin",2023-02-06,"October"
15.9257106616987,"Robin",2023-02-07,"October"
13.4734196105984,"Robin",2023-02-08,"October"
13.7301836966949,"Robin",2023-02-09,"October"
10.6730821202683,"Robin",2023-02-10,"October"
8.83862092974173,"Robin",2023-02-11,"October"
14.3113766982099,"Robin",2023-02-12,"October"
9.62148340505485,"Robin",2023-02-13,"October"
12.85523712225,"Robin",2023-02-14,"October"
9.77436602588381,"Robin",2023-02-15,"October"
7.3594539000834,"Robin",2023-02-16,"October"
9.23360982781887,"Robin",2023-02-17,"October"
7.53339990808828,"Robin",2023-02-18,"October"
10.4621113573399,"Robin",2023-02-19,"October"
7.15363383675243,"Robin",2023-02-20,"October"
9.84607200600396,"Robin",2023-02-21,"October"
10.7694947905157,"Robin",2023-02-22,"October"
9.02087970605461,"Robin",2023-02-23,"October"
7.4333478934459,"Robin",2023-02-24,"October"
8.16116785087968,"Robin",2023-02-25,"October"
12.9540020561443,"Robin",2023-02-26,"October"
14.0528578722118,"Robin",2023-02-27,"October"
7.75797816467641,"Robin",2023-02-28,"October"
11.6659705993515,"Robin",2023-03-01,"October"
10.2464727903181,"Robin",2023-03-02,"October"
18.3890786664684,"Robin",2023-03-03,"October"
14.842931995399,"Robin",2023-03-04,"October"
9.2051994200124,"Robin",2023-03-05,"October"
15.8084879920209,"Robin",2023-03-06,"October"
12.7849489077092,"Robin",2023-03-07,"October"
12.511867268437,"Robin",2023-03-08,"October"
10.3965776261513,"Robin",2023-03-09,"October"
9.72105636981838,"Robin",2023-03-10,"October"
12.6922830053643,"Robin",2023-03-11,"October"
0.915940090979786,"Robin",2022-10-25,"October"
7.18906052304522,"Robin",2022-10-26,"October"
11.1334787402337,"Robin",2022-10-27,"October"
10.4706198422927,"Robin",2022-10-28,"October"
11.2282984460905,"Robin",2023-03-12,"October"
10.8316835698363,"Robin",2023-03-13,"October"
8.10544593114076,"Robin",2023-03-14,"October"
8.54025861703919,"Robin",2023-03-15,"October"
8.87408147057916,"Robin",2023-03-16,"October"
10.1165033053226,"Robin",2023-03-17,"October"
11.7136114189039,"Robin",2023-03-18,"October"
6.59082243584584,"Robin",2023-03-19,"October"
6.17361567025624,"Robin",2023-03-20,"October"
6.66290771327383,"Robin",2023-03-21,"October"
9.09342386798409,"Robin",2023-03-22,"October"
8.39670509704357,"Robin",2023-03-23,"October"
8.88059083304356,"Robin",2023-03-24,"October"
10.373128685382,"Robin",2023-03-25,"October"
12.5228478063309,"Robin",2023-03-26,"October"
9.05668499268613,"Robin",2023-03-27,"October"
10.0967776866562,"Robin",2023-03-28,"October"
12.6358124576289,"Robin",2023-03-29,"October"
9.73433274328302,"Robin",2023-03-30,"October"
11.9071997586756,"Robin",2023-03-31,"October"
10.2240371384019,"Robin",2023-04-01,"October"
12.5915369789508,"Robin",2023-04-02,"October"
13.9133218375943,"Robin",2023-04-03,"October"
10.4924235606775,"Robin",2023-04-04,"October"
9.62617912645733,"Robin",2023-04-05,"October"
10.9768140451072,"Robin",2023-04-06,"October"
14.1196817244218,"Robin",2023-04-07,"October"
9.39809144612489,"Robin",2023-04-08,"October"
9.14178774756626,"Robin",2023-04-09,"October"
8.65105314917399,"Robin",2023-04-10,"October"
12.0161603099437,"Robin",2023-04-11,"October"
12.0612780051465,"Robin",2023-04-12,"October"
11.1821951960202,"Robin",2023-04-13,"October"
12.0955190108484,"Robin",2023-04-14,"October"
9.73786578549629,"Robin",2023-04-15,"October"
11.8396235056401,"Robin",2023-04-16,"October"
12.5147922355785,"Robin",2023-04-17,"October"
4.44174721199668,"Robin",2023-04-18,"October"
7.91641103965872,"Aurora",2022-10-29,"October"
17.2286439449207,"Aurora",2022-10-30,"October"
13.2028940187223,"Aurora",2022-10-31,"October"
12.0968966500554,"Aurora",2022-11-01,"October"
17.3167795851185,"Aurora",2022-11-02,"October"
13.0426071866514,"Aurora",2022-11-03,"October"
17.3473907191084,"Aurora",2022-11-04,"October"
18.0317554857504,"Aurora",2022-11-05,"October"
16.6985308331971,"Aurora",2022-11-06,"October"
23.4832787898448,"Aurora",2022-11-07,"October"
18.1180418923921,"Aurora",2022-11-08,"October"
13.9022956665542,"Aurora",2022-11-09,"October"
9.200251581521,"Aurora",2022-11-10,"October"
8.77431761590361,"Aurora",2022-11-11,"October"
9.82764690195375,"Aurora",2022-11-12,"October"
9.25000613979694,"Aurora",2022-11-13,"October"
12.1578231634567,"Aurora",2022-11-14,"October"
19.9104155173229,"Aurora",2022-11-15,"October"
14.3948941409836,"Aurora",2022-11-16,"October"
18.6227638572765,"Aurora",2022-11-17,"October"
21.7901482149491,"Aurora",2022-11-18,"October"
14.2997169395015,"Aurora",2022-11-19,"October"
16.5577464798616,"Aurora",2022-11-20,"October"
25.3681748681675,"Aurora",2022-11-21,"October"
16.0113266310368,"Aurora",2022-11-22,"October"
16.6838718859024,"Aurora",2022-11-23,"October"
11.5392774284667,"Aurora",2022-11-24,"October"
21.8174947323413,"Aurora",2022-11-25,"October"
19.0739343468187,"Aurora",2022-11-26,"October"
13.1133766911199,"Aurora",2022-11-27,"October"
14.856935574268,"Aurora",2022-11-28,"October"
22.6906588581083,"Aurora",2022-11-29,"October"
14.1599058967541,"Aurora",2022-11-30,"October"
8.99607441370593,"Aurora",2022-12-01,"October"
13.3944738111051,"Aurora",2022-12-02,"October"
14.3759949398406,"Aurora",2022-12-03,"October"
7.74635543030737,"Aurora",2022-12-04,"October"
14.2151426546603,"Aurora",2022-12-05,"October"
11.5421525545644,"Aurora",2022-12-06,"October"
15.4576212276884,"Aurora",2022-12-07,"October"
21.1662608648842,"Aurora",2022-12-08,"October"
14.1867887668224,"Aurora",2022-12-09,"October"
17.6825410113409,"Aurora",2022-12-10,"October"
12.4757785597233,"Aurora",2022-12-11,"October"
10.6549054077339,"Aurora",2022-12-12,"October"
16.0053720876472,"Aurora",2022-12-13,"October"
15.0070369412348,"Aurora",2022-12-14,"October"
21.4416829661756,"Aurora",2022-12-15,"October"
24.0820499856092,"Aurora",2022-12-16,"October"
20.2430026863128,"Aurora",2022-12-17,"October"
18.1048553637549,"Aurora",2022-12-18,"October"
15.8015406381168,"Aurora",2022-12-19,"October"
16.8802469105075,"Aurora",2022-12-20,"October"
10.0853204728845,"Aurora",2022-12-21,"October"
13.1252832598198,"Aurora",2022-12-22,"October"
10.1239529085916,"Aurora",2022-12-23,"October"
13.4633604250987,"Aurora",2022-12-24,"October"
10.6932152317017,"Aurora",2022-12-25,"October"
16.3062153280981,"Aurora",2022-12-26,"October"
10.2194171146034,"Aurora",2022-12-27,"October"
7.36009414887851,"Aurora",2022-12-28,"October"
11.4266309172141,"Aurora",2022-12-29,"October"
9.6911401448864,"Aurora",2022-12-30,"October"
10.3992492296954,"Aurora",2022-12-31,"October"
9.23591153956496,"Aurora",2023-01-01,"October"
9.37609637010783,"Aurora",2023-01-02,"October"
10.6426586600195,"Aurora",2023-01-03,"October"
11.6097256068669,"Aurora",2023-01-04,"October"
12.9968381142502,"Aurora",2023-01-05,"October"
19.5256674969229,"Aurora",2023-01-06,"October"
12.1008770314743,"Aurora",2023-01-07,"October"
9.27835152151267,"Aurora",2023-01-08,"October"
17.9315160879585,"Aurora",2023-01-09,"October"
13.0377540662689,"Aurora",2023-01-10,"October"
9.56494060680888,"Aurora",2023-01-11,"October"
13.8187724184666,"Aurora",2023-01-12,"October"
11.2086089603584,"Aurora",2023-01-13,"October"
10.3022293457866,"Aurora",2023-01-14,"October"
12.9715487089299,"Aurora",2023-01-15,"October"
10.0484887142176,"Aurora",2023-01-16,"October"
9.72713121159497,"Aurora",2023-01-17,"October"
11.1668681392994,"Aurora",2023-01-18,"October"
8.69813177000452,"Aurora",2023-01-19,"October"
11.8413952450789,"Aurora",2023-01-20,"October"
10.1148418173079,"Aurora",2023-01-21,"October"
12.4645632559463,"Aurora",2023-01-22,"October"
21.216852417975,"Aurora",2023-01-23,"October"
8.196184895144,"Aurora",2023-01-24,"October"
9.78734515070056,"Aurora",2023-01-25,"October"
15.7956770137389,"Aurora",2023-01-26,"October"
9.61265570954342,"Aurora",2023-01-27,"October"
9.22154373763417,"Aurora",2023-01-28,"October"
8.51526382940272,"Aurora",2023-01-29,"October"
10.024867001747,"Aurora",2023-01-30,"October"
8.27928242200153,"Aurora",2023-01-31,"October"
9.53540766578324,"Aurora",2023-02-01,"October"
10.158922101895,"Aurora",2023-02-02,"October"
12.1370622810367,"Aurora",2023-02-03,"October"
11.1718282482947,"Aurora",2023-02-04,"October"
11.226747577466,"Aurora",2023-02-05,"October"
15.7182778591874,"Aurora",2023-02-06,"October"
12.2038730565435,"Aurora",2023-02-07,"October"
9.84750863123683,"Aurora",2023-02-08,"October"
9.55123745686821,"Aurora",2023-02-09,"October"
11.3687477320121,"Aurora",2023-02-10,"October"
7.5991132875249,"Aurora",2023-02-11,"October"
12.2361564835979,"Aurora",2023-02-12,"October"
9.80612103705402,"Aurora",2023-02-13,"October"
11.1116794098672,"Aurora",2023-02-14,"October"
8.94774314640585,"Aurora",2023-02-15,"October"
8.16336287342828,"Aurora",2023-02-16,"October"
10.3506725170491,"Aurora",2023-02-17,"October"
9.14976046409906,"Aurora",2023-02-18,"October"
9.79463489714102,"Aurora",2023-02-19,"October"
9.59175577766447,"Aurora",2023-02-20,"October"
9.56835046495723,"Aurora",2023-02-21,"October"
6.64284956768823,"Aurora",2023-02-22,"October"
9.34325945054472,"Aurora",2023-02-23,"October"
11.2966989961802,"Aurora",2023-02-24,"October"
8.43379222726009,"Aurora",2023-02-25,"October"
8.61229588322194,"Aurora",2023-02-26,"October"
7.10072185003454,"Aurora",2023-02-27,"October"
9.63222437481575,"Aurora",2023-02-28,"October"
9.71960080204047,"Aurora",2023-03-01,"October"
7.46272480939584,"Aurora",2023-03-02,"October"
12.6940904715405,"Aurora",2023-03-03,"October"
11.4324790893813,"Aurora",2023-03-04,"October"
9.04516817873706,"Aurora",2023-03-05,"October"
10.6775876825406,"Aurora",2023-03-06,"October"
12.704246643408,"Aurora",2023-03-07,"October"
16.8163358674907,"Aurora",2023-03-08,"October"
11.076642404579,"Aurora",2023-03-09,"October"
9.51744739074272,"Aurora",2023-03-10,"October"
13.1347038035852,"Aurora",2023-03-11,"October"
1.53531349724478,"Aurora",2022-10-25,"October"
5.41414783655333,"Aurora",2022-10-26,"October"
6.22304932552773,"Aurora",2022-10-27,"October"
5.64787428878857,"Aurora",2022-10-28,"October"
13.3918934517846,"Aurora",2023-03-12,"October"
18.4791713363677,"Aurora",2023-03-13,"October"
8.23677508327475,"Aurora",2023-03-14,"October"
8.79019158506413,"Aurora",2023-03-15,"October"
11.2273923082625,"Aurora",2023-03-16,"October"
9.8998023517829,"Aurora",2023-03-17,"October"
9.78115693288211,"Aurora",2023-03-18,"October"
10.4245243686602,"Aurora",2023-03-19,"October"
16.0969158353176,"Aurora",2023-03-20,"October"
8.95131177722505,"Aurora",2023-03-21,"October"
7.62178682158898,"Aurora",2023-03-22,"October"
9.68393996319573,"Aurora",2023-03-23,"October"
11.856971154576,"Aurora",2023-03-24,"October"
9.36751523870888,"Aurora",2023-03-25,"October"
11.0044758711647,"Aurora",2023-03-26,"October"
11.5595790581434,"Aurora",2023-03-27,"October"
7.31593059761872,"Aurora",2023-03-28,"October"
9.12459732251121,"Aurora",2023-03-29,"October"
9.62183813428264,"Aurora",2023-03-30,"October"
11.320476021781,"Aurora",2023-03-31,"October"
10.3794226259108,"Aurora",2023-04-01,"October"
12.8481361279575,"Aurora",2023-04-02,"October"
13.9376870793001,"Aurora",2023-04-03,"October"
9.39152573818111,"Aurora",2023-04-04,"October"
9.79150249618656,"Aurora",2023-04-05,"October"
11.5762577214426,"Aurora",2023-04-06,"October"
6.05391782168631,"Aurora",2023-04-07,"October"
9.11734172287975,"Aurora",2023-04-08,"October"
7.06087263651782,"Aurora",2023-04-09,"October"
10.428018079153,"Aurora",2023-04-10,"October"
10.5500130966038,"Aurora",2023-04-11,"October"
12.0221385548454,"Aurora",2023-04-12,"October"
11.7160131891372,"Aurora",2023-04-13,"October"
12.1417796257352,"Aurora",2023-04-14,"October"
13.1442144852061,"Aurora",2023-04-15,"October"
10.3696140100229,"Aurora",2023-04-16,"October"
11.330914858668,"Aurora",2023-04-17,"October"
5.32541276362309,"Aurora",2023-04-18,"October"
0.710677766299214,"Star",2022-10-29,"October"
12.5068008428455,"Star",2022-10-30,"October"
9.4211861650817,"Star",2022-10-31,"October"
11.7954849312898,"Star",2022-11-01,"October"
12.843399200176,"Star",2022-11-02,"October"
13.5195473290697,"Star",2022-11-03,"October"
13.9453569743952,"Star",2022-11-04,"October"
12.3609188633192,"Star",2022-11-05,"October"
12.3999235182711,"Star",2022-11-06,"October"
4.20111401651053,"Star",2022-11-07,"October"
2.1494781316601,"Nutmeg",2022-10-29,"October"
7.70953564719091,"Nutmeg",2022-10-30,"October"
8.58371105356237,"Nutmeg",2022-10-31,"October"
11.7937770461414,"Nutmeg",2022-11-01,"October"
17.179190510467,"Nutmeg",2022-11-02,"October"
14.0141131447798,"Nutmeg",2022-11-03,"October"
12.8673156156034,"Nutmeg",2022-11-04,"October"
14.0166637804888,"Nutmeg",2022-11-05,"October"
18.1424382827548,"Nutmeg",2022-11-06,"October"
14.2946434601406,"Nutmeg",2022-11-07,"October"
15.1572736431736,"Nutmeg",2022-11-08,"October"
19.0527178045614,"Nutmeg",2022-11-09,"October"
9.95775758699593,"Nutmeg",2022-11-10,"October"
10.5286660889508,"Nutmeg",2022-11-11,"October"
12.7104596096205,"Nutmeg",2022-11-12,"October"
13.4240155159103,"Nutmeg",2022-11-13,"October"
15.3167862597178,"Nutmeg",2022-11-14,"October"
13.7453841494379,"Nutmeg",2022-11-15,"October"
21.9668992142047,"Nutmeg",2022-11-16,"October"
22.0213730723592,"Nutmeg",2022-11-17,"October"
18.724884783827,"Nutmeg",2022-11-18,"October"
10.6460650204421,"Nutmeg",2022-11-19,"October"
8.60188411526255,"Nutmeg",2022-11-20,"October"
11.3180379038109,"Nutmeg",2022-11-21,"October"
9.39283202382062,"Nutmeg",2022-11-22,"October"
10.9896612827963,"Nutmeg",2022-11-23,"October"
11.0843064401776,"Nutmeg",2022-11-24,"October"
14.7310114375289,"Nutmeg",2022-11-25,"October"
18.5402817457809,"Nutmeg",2022-11-26,"October"
22.4960012776652,"Nutmeg",2022-11-27,"October"
14.5763424958923,"Nutmeg",2022-11-28,"October"
14.9120445008819,"Nutmeg",2022-11-29,"October"
17.3197049456332,"Nutmeg",2022-11-30,"October"
14.0673530550779,"Nutmeg",2022-12-01,"October"
18.5210921615649,"Nutmeg",2022-12-02,"October"
18.3390061730627,"Nutmeg",2022-12-03,"October"
11.9723584145975,"Nutmeg",2022-12-04,"October"
17.0677616360879,"Nutmeg",2022-12-05,"October"
11.8709159482356,"Nutmeg",2022-12-06,"October"
24.3273251237922,"Nutmeg",2022-12-07,"October"
16.5829845200974,"Nutmeg",2022-12-08,"October"
20.3405883059268,"Nutmeg",2022-12-09,"October"
26.3185099250779,"Nutmeg",2022-12-10,"October"
10.2748135771745,"Nutmeg",2022-12-11,"October"
22.2503569804745,"Nutmeg",2022-12-12,"October"
14.8334604879063,"Nutmeg",2022-12-13,"October"
15.5471597047277,"Nutmeg",2022-12-14,"October"
17.4585873481991,"Nutmeg",2022-12-15,"October"
21.7030026471187,"Nutmeg",2022-12-16,"October"
14.884590218586,"Nutmeg",2022-12-17,"October"
15.0018276758786,"Nutmeg",2022-12-18,"October"
21.5989922243767,"Nutmeg",2022-12-19,"October"
13.2014727612046,"Nutmeg",2022-12-20,"October"
13.3849373970874,"Nutmeg",2022-12-21,"October"
11.4782542387702,"Nutmeg",2022-12-22,"October"
10.7774226486538,"Nutmeg",2022-12-23,"October"
17.543436846992,"Nutmeg",2022-12-24,"October"
16.6371929026181,"Nutmeg",2022-12-25,"October"
15.268171235376,"Nutmeg",2022-12-26,"October"
7.32280526207769,"Nutmeg",2022-12-27,"October"
8.68033519503774,"Nutmeg",2022-12-28,"October"
16.3068817863239,"Nutmeg",2022-12-29,"October"
16.0955708499155,"Nutmeg",2022-12-30,"October"
15.2611583363328,"Nutmeg",2022-12-31,"October"
7.38307548848368,"Nutmeg",2023-01-01,"October"
10.0745722347297,"Nutmeg",2023-01-02,"October"
12.3533965685946,"Nutmeg",2023-01-03,"October"
12.092119417778,"Nutmeg",2023-01-04,"October"
14.985087243624,"Nutmeg",2023-01-05,"October"
12.9318232778406,"Nutmeg",2023-01-06,"October"
18.3735889416073,"Nutmeg",2023-01-07,"October"
4.42545227012003,"Nutmeg",2023-01-08,"October"
1.34821823641397,"Briar",2022-10-29,"October"
7.13093021137421,"Briar",2022-10-30,"October"
7.86680653360232,"Briar",2022-10-31,"October"
14.1939257261101,"Briar",2022-11-01,"October"
16.5160198455995,"Briar",2022-11-02,"October"
15.6336138215758,"Briar",2022-11-03,"October"
18.4643263118537,"Briar",2022-11-04,"October"
20.8615047914639,"Briar",2022-11-05,"October"
19.1626281846632,"Briar",2022-11-06,"October"
20.1669186937997,"Briar",2022-11-07,"October"
19.1631551162606,"Briar",2022-11-08,"October"
12.6983768816443,"Briar",2022-11-09,"October"
9.93787158766492,"Briar",2022-11-10,"October"
11.9599968305195,"Briar",2022-11-11,"October"
12.41523882665,"Briar",2022-11-12,"October"
14.8608273075554,"Briar",2022-11-13,"October"
14.5410690387195,"Briar",2022-11-14,"October"
19.4947454240099,"Briar",2022-11-15,"October"
19.5468170653702,"Briar",2022-11-16,"October"
12.999207352419,"Briar",2022-11-17,"October"
14.5739458634227,"Briar",2022-11-18,"October"
15.1415814075853,"Briar",2022-11-19,"October"
14.5992814228566,"Briar",2022-11-20,"October"
16.8821449850497,"Briar",2022-11-21,"October"
10.8920388401676,"Briar",2022-11-22,"October"
13.9635792221052,"Briar",2022-11-23,"October"
12.4163476657264,"Briar",2022-11-24,"October"
12.0856749085324,"Briar",2022-11-25,"October"
13.5072217477436,"Briar",2022-11-26,"October"
15.6858817246808,"Briar",2022-11-27,"October"
13.4390870504176,"Briar",2022-11-28,"October"
15.0727830661453,"Briar",2022-11-29,"October"
15.1842064810442,"Briar",2022-11-30,"October"
11.5971155115697,"Briar",2022-12-01,"October"
20.8618608682288,"Briar",2022-12-02,"October"
20.8138712037655,"Briar",2022-12-03,"October"
12.6246161496535,"Briar",2022-12-04,"October"
16.8922265880154,"Briar",2022-12-05,"October"
16.0282889324058,"Briar",2022-12-06,"October"
15.3916189900431,"Briar",2022-12-07,"October"
15.487211210243,"Briar",2022-12-08,"October"
18.0530139258048,"Briar",2022-12-09,"October"
21.3926762271383,"Briar",2022-12-10,"October"
12.5368653739922,"Briar",2022-12-11,"October"
8.53576866008211,"Briar",2022-12-12,"October"
7.57941972766038,"Briar",2022-12-13,"October"
11.8468012945451,"Briar",2022-12-14,"October"
17.5973873654558,"Briar",2022-12-15,"October"
19.0653714159096,"Briar",2022-12-16,"October"
15.6760573181056,"Briar",2022-12-17,"October"
18.9077376629188,"Briar",2022-12-18,"October"
16.1116794132914,"Briar",2022-12-19,"October"
13.7966855820472,"Briar",2022-12-20,"October"
11.4760059702664,"Briar",2022-12-21,"October"
14.2996254795678,"Briar",2022-12-22,"October"
11.7688816234761,"Briar",2022-12-23,"October"
13.6140866711044,"Briar",2022-12-24,"October"
9.11619919914985,"Briar",2022-12-25,"October"
9.60192010662874,"Briar",2022-12-26,"October"
8.36538146406373,"Briar",2022-12-27,"October"
5.93280426864945,"Briar",2022-12-28,"October"
11.462691433006,"Briar",2022-12-29,"October"
10.348741281933,"Briar",2022-12-30,"October"
9.70065086590967,"Briar",2022-12-31,"October"
8.93526720901964,"Briar",2023-01-01,"October"
15.6157388557485,"Briar",2023-01-02,"October"
9.90962880418985,"Briar",2023-01-03,"October"
10.2701321382413,"Briar",2023-01-04,"October"
11.9228121847077,"Briar",2023-01-05,"October"
17.8692710130157,"Briar",2023-01-06,"October"
13.2971589211237,"Briar",2023-01-07,"October"
10.212129476798,"Briar",2023-01-08,"October"
15.2756703957166,"Briar",2023-01-09,"October"
12.1669774301894,"Briar",2023-01-10,"October"
10.6844555891724,"Briar",2023-01-11,"October"
9.62979850112934,"Briar",2023-01-12,"October"
12.5789474507944,"Briar",2023-01-13,"October"
9.06488498439185,"Briar",2023-01-14,"October"
13.3287264914884,"Briar",2023-01-15,"October"
12.1473112200636,"Briar",2023-01-16,"October"
10.7301792403753,"Briar",2023-01-17,"October"
9.47572146852797,"Briar",2023-01-18,"October"
9.30580005353276,"Briar",2023-01-19,"October"
13.9001103571724,"Briar",2023-01-20,"October"
14.370955487748,"Briar",2023-01-21,"October"
11.0596978876963,"Briar",2023-01-22,"October"
11.841754385101,"Briar",2023-01-23,"October"
8.49874241098498,"Briar",2023-01-24,"October"
9.25815413019159,"Briar",2023-01-25,"October"
12.3088885567244,"Briar",2023-01-26,"October"
10.5294256758629,"Briar",2023-01-27,"October"
8.52240065661528,"Briar",2023-01-28,"October"
7.41651967488279,"Briar",2023-01-29,"October"
10.2566270023465,"Briar",2023-01-30,"October"
7.64850591270556,"Briar",2023-01-31,"October"
12.4889191733019,"Briar",2023-02-01,"October"
9.24479768478711,"Briar",2023-02-02,"October"
11.5558955018496,"Briar",2023-02-03,"October"
14.4782004508531,"Briar",2023-02-04,"October"
10.6079271945071,"Briar",2023-02-05,"October"
12.4225580432166,"Briar",2023-02-06,"October"
8.19549426205922,"Briar",2023-02-07,"October"
10.4738968068654,"Briar",2023-02-08,"October"
7.10182126619692,"Briar",2023-02-09,"October"
7.65106783093376,"Briar",2023-02-10,"October"
9.1933621987676,"Briar",2023-02-11,"October"
8.22271003842179,"Briar",2023-02-12,"October"
11.9789221056368,"Briar",2023-02-13,"October"
10.4906053043277,"Briar",2023-02-14,"October"
6.06334521826425,"Briar",2023-02-15,"October"
6.86401810720894,"Briar",2023-02-16,"October"
7.46082414946244,"Briar",2023-02-17,"October"
8.79631210295344,"Briar",2023-02-18,"October"
9.0084984702098,"Briar",2023-02-19,"October"
9.52930506058836,"Briar",2023-02-20,"October"
10.4054609832722,"Briar",2023-02-21,"October"
11.5053316429837,"Briar",2023-02-22,"October"
7.59229190938809,"Briar",2023-02-23,"October"
7.13455368338338,"Briar",2023-02-24,"October"
7.62658513901244,"Briar",2023-02-25,"October"
7.57843557795623,"Briar",2023-02-26,"October"
7.18436499411532,"Briar",2023-02-27,"October"
9.13411476558922,"Briar",2023-02-28,"October"
6.94705249920248,"Briar",2023-03-01,"October"
7.90626757770462,"Briar",2023-03-02,"October"
8.12243398469563,"Briar",2023-03-03,"October"
6.59554832566405,"Briar",2023-03-04,"October"
7.7856463905125,"Briar",2023-03-05,"October"
9.52544630401402,"Briar",2023-03-06,"October"
9.61729478863575,"Briar",2023-03-07,"October"
11.7610346989581,"Briar",2023-03-08,"October"
10.3897769501916,"Briar",2023-03-09,"October"
10.8487175913465,"Briar",2023-03-10,"October"
1.52131597635244,"Briar",2023-03-11,"October"
0.583224062889566,"Sage",2022-12-14,"December"
5.97968814145861,"Sage",2022-12-15,"December"
17.5389699366432,"Sage",2022-12-16,"December"
13.099536839855,"Sage",2022-12-17,"December"
20.3435920712404,"Sage",2022-12-18,"December"
13.7442230615669,"Sage",2022-12-19,"December"
9.08056716624819,"Sage",2022-12-20,"December"
9.29562699047983,"Sage",2022-12-21,"December"
6.06333523599261,"Sage",2022-12-22,"December"
9.27544588585634,"Sage",2022-12-23,"December"
12.1017780401843,"Sage",2022-12-24,"December"
8.62675063025893,"Sage",2022-12-25,"December"
8.76459987999607,"Sage",2022-12-26,"December"
7.5865670968862,"Sage",2022-12-27,"December"
5.46632363336815,"Sage",2022-12-28,"December"
6.38858407310534,"Sage",2022-12-29,"December"
7.24083296089874,"Sage",2022-12-30,"December"
9.06802489495055,"Sage",2022-12-31,"December"
10.2560807835344,"Sage",2023-01-01,"December"
8.82972887077133,"Sage",2023-01-02,"December"
7.55337289961264,"Sage",2023-01-03,"December"
6.21471593351414,"Sage",2023-01-04,"December"
12.1311958815942,"Sage",2023-01-05,"December"
13.8082078039192,"Sage",2023-01-06,"December"
8.50169586027828,"Sage",2023-01-07,"December"
8.26982849076945,"Sage",2023-01-08,"December"
8.1005809623996,"Sage",2023-01-09,"December"
10.9355731649515,"Sage",2023-01-10,"December"
8.52570371297089,"Sage",2023-01-11,"December"
9.16501235670213,"Sage",2023-01-12,"December"
9.82822502109522,"Sage",2023-01-13,"December"
8.17918240842483,"Sage",2023-01-14,"December"
6.18664725967323,"Sage",2023-01-15,"December"
7.08831039522799,"Sage",2023-01-16,"December"
6.7496234185794,"Sage",2023-01-17,"December"
5.35491470297885,"Sage",2023-01-18,"December"
4.42235259944212,"Sage",2023-01-19,"December"
14.4237990889951,"Sage",2023-01-20,"December"
14.4252395602902,"Sage",2023-01-21,"December"
14.5294499844241,"Sage",2023-01-22,"December"
8.53951225710989,"Sage",2023-01-23,"December"
6.81441836343708,"Sage",2023-01-24,"December"
6.7158747163572,"Sage",2023-01-25,"December"
8.05710837665049,"Sage",2023-01-26,"December"
11.0670017624083,"Sage",2023-01-27,"December"
7.81365360702878,"Sage",2023-01-28,"December"
6.64668059963256,"Sage",2023-01-29,"December"
6.19796631712899,"Sage",2023-01-30,"December"
8.18138133585638,"Sage",2023-01-31,"December"
8.47263980835826,"Sage",2023-02-01,"December"
8.62426168074739,"Sage",2023-02-02,"December"
10.213833701719,"Sage",2023-02-03,"December"
10.2558830220383,"Sage",2023-02-04,"December"
11.393521132831,"Sage",2023-02-05,"December"
14.5051165683321,"Sage",2023-02-06,"December"
11.3455517293515,"Sage",2023-02-07,"December"
15.257500876649,"Sage",2023-02-08,"December"
8.91138201252362,"Sage",2023-02-09,"December"
8.32143312284703,"Sage",2023-02-10,"December"
8.57568153433533,"Sage",2023-02-11,"December"
9.81058887496241,"Sage",2023-02-12,"December"
8.7946656101718,"Sage",2023-02-13,"December"
9.84060803546839,"Sage",2023-02-14,"December"
8.44126436659861,"Sage",2023-02-15,"December"
8.87101437259385,"Sage",2023-02-16,"December"
6.64467078345936,"Sage",2023-02-17,"December"
6.28971682811526,"Sage",2023-02-18,"December"
7.78745383312771,"Sage",2023-02-19,"December"
7.43932488880224,"Sage",2023-02-20,"December"
9.72508786316197,"Sage",2023-02-21,"December"
9.86122051418612,"Sage",2023-02-22,"December"
9.78216167010249,"Sage",2023-02-23,"December"
10.5495842181885,"Sage",2023-02-24,"December"
5.54161331285924,"Sage",2023-02-25,"December"
2.25632188215744,"Sage",2023-02-26,"December"
3.83213107999381,"Sage",2023-02-27,"December"
4.70001422048361,"Sage",2023-02-28,"December"
3.85771819638459,"Sage",2023-03-01,"December"
4.39877904617112,"Sage",2023-03-02,"December"
5.28459277570148,"Sage",2023-03-03,"December"
8.1928034541228,"Sage",2023-03-04,"December"
7.98058537903005,"Sage",2023-03-05,"December"
6.59975805180805,"Sage",2023-03-06,"December"
7.43233454884363,"Sage",2023-03-07,"December"
7.69153524003469,"Sage",2023-03-08,"December"
8.86104813186606,"Sage",2023-03-09,"December"
8.50366812867557,"Sage",2023-03-10,"December"
8.45192716007275,"Sage",2023-03-11,"December"
12.0989119347227,"Sage",2023-03-12,"December"
8.46992201111576,"Sage",2023-03-13,"December"
8.83764612424524,"Sage",2023-03-14,"December"
9.13024872173431,"Sage",2023-03-15,"December"
8.01084883599077,"Sage",2023-03-16,"December"
6.69095383914547,"Sage",2023-03-17,"December"
6.13267264329606,"Sage",2023-03-18,"December"
6.39126025142313,"Sage",2023-03-19,"December"
6.36154226873131,"Sage",2023-03-20,"December"
5.55340214749751,"Sage",2023-03-21,"December"
6.77981084130772,"Sage",2023-03-22,"December"
7.51114608300602,"Sage",2023-03-23,"December"
7.01789952408197,"Sage",2023-03-24,"December"
7.6530906355248,"Sage",2023-03-25,"December"
9.29871831621159,"Sage",2023-03-26,"December"
4.89380316859359,"Sage",2023-03-27,"December"
6.75198091224129,"Sage",2023-03-28,"December"
9.14712954483164,"Sage",2023-03-29,"December"
8.43478363133496,"Sage",2023-03-30,"December"
9.91643187643071,"Sage",2023-03-31,"December"
7.35220484870873,"Sage",2023-04-01,"December"
9.7180859523989,"Sage",2023-04-02,"December"
8.67037616288343,"Sage",2023-04-03,"December"
10.3152345496092,"Sage",2023-04-04,"December"
7.34864054992277,"Sage",2023-04-05,"December"
7.76297392974315,"Sage",2023-04-06,"December"
6.29718691768956,"Sage",2023-04-07,"December"
3.91017742799383,"Sage",2023-04-08,"December"
5.94701801567226,"Sage",2023-04-09,"December"
7.03097803359114,"Sage",2023-04-10,"December"
7.36189538362434,"Sage",2023-04-11,"December"
7.81101405849868,"Sage",2023-04-12,"December"
8.69514746329314,"Sage",2023-04-13,"December"
5.828892364939,"Sage",2023-04-14,"December"
3.69130287765346,"Sage",2023-04-15,"December"
5.78827597816602,"Sage",2023-04-16,"December"
6.18877737010474,"Sage",2023-04-17,"December"
4.12525833406949,"Sage",2023-04-18,"December"
0.709719784793137,"Koda",2022-12-14,"December"
6.49615735599365,"Koda",2022-12-15,"December"
14.9081929390508,"Koda",2022-12-16,"December"
20.324561796129,"Koda",2022-12-17,"December"
22.1034043909735,"Koda",2022-12-18,"December"
22.1168426400139,"Koda",2022-12-19,"December"
17.0526419444694,"Koda",2022-12-20,"December"
12.2479602031848,"Koda",2022-12-21,"December"
13.7185117554527,"Koda",2022-12-22,"December"
9.33227931627719,"Koda",2022-12-23,"December"
16.7815051955282,"Koda",2022-12-24,"December"
13.0493833317806,"Koda",2022-12-25,"December"
20.3586563037303,"Koda",2022-12-26,"December"
10.0888211921407,"Koda",2022-12-27,"December"
11.4514316910786,"Koda",2022-12-28,"December"
9.96668242263823,"Koda",2022-12-29,"December"
16.0798847149774,"Koda",2022-12-30,"December"
13.0337522952936,"Koda",2022-12-31,"December"
12.2693122308181,"Koda",2023-01-01,"December"
14.433317640182,"Koda",2023-01-02,"December"
8.91984209256612,"Koda",2023-01-03,"December"
16.2826845631157,"Koda",2023-01-04,"December"
18.0879263660827,"Koda",2023-01-05,"December"
19.0235622368418,"Koda",2023-01-06,"December"
21.6440293625051,"Koda",2023-01-07,"December"
9.47655858132979,"Koda",2023-01-08,"December"
14.6317869973869,"Koda",2023-01-09,"December"
14.4467967642688,"Koda",2023-01-10,"December"
14.4788354328429,"Koda",2023-01-11,"December"
18.0736034630616,"Koda",2023-01-12,"December"
14.3261257482443,"Koda",2023-01-13,"December"
8.23353061207123,"Koda",2023-01-14,"December"
8.24972426715991,"Koda",2023-01-15,"December"
11.2444911673426,"Koda",2023-01-16,"December"
9.17961275015626,"Koda",2023-01-17,"December"
8.49315054658308,"Koda",2023-01-18,"December"
10.3195244544015,"Koda",2023-01-19,"December"
18.0930015984752,"Koda",2023-01-20,"December"
18.9037408173035,"Koda",2023-01-21,"December"
15.6608897427933,"Koda",2023-01-22,"December"
13.948700373489,"Koda",2023-01-23,"December"
7.7201416225449,"Koda",2023-01-24,"December"
15.0502299418481,"Koda",2023-01-25,"December"
17.9483666426191,"Koda",2023-01-26,"December"
19.1987422224424,"Koda",2023-01-27,"December"
10.6094030157718,"Koda",2023-01-28,"December"
8.2041123483271,"Koda",2023-01-29,"December"
15.351850661007,"Koda",2023-01-30,"December"
14.933140778257,"Koda",2023-01-31,"December"
14.0497503785434,"Koda",2023-02-01,"December"
9.67818140434044,"Koda",2023-02-02,"December"
19.1494782656083,"Koda",2023-02-03,"December"
18.698590184409,"Koda",2023-02-04,"December"
14.3535901940338,"Koda",2023-02-05,"December"
23.6604195791154,"Koda",2023-02-06,"December"
18.7665175873256,"Koda",2023-02-07,"December"
19.2533501080291,"Koda",2023-02-08,"December"
12.4533441636846,"Koda",2023-02-09,"December"
8.88057913280658,"Koda",2023-02-10,"December"
13.6198197685568,"Koda",2023-02-11,"December"
19.3834988204062,"Koda",2023-02-12,"December"
11.304917514212,"Koda",2023-02-13,"December"
16.8497919712748,"Koda",2023-02-14,"December"
8.42571007492232,"Koda",2023-02-15,"December"
9.38778347262938,"Koda",2023-02-16,"December"
10.985344318327,"Koda",2023-02-17,"December"
13.117560566077,"Koda",2023-02-18,"December"
14.2405785136103,"Koda",2023-02-19,"December"
11.1998581896236,"Koda",2023-02-20,"December"
14.3464884515128,"Koda",2023-02-21,"December"
13.3605303338957,"Koda",2023-02-22,"December"
11.1856359392262,"Koda",2023-02-23,"December"
8.75204812172598,"Koda",2023-02-24,"December"
9.21907350799953,"Koda",2023-02-25,"December"
11.9870069324685,"Koda",2023-02-26,"December"
8.14578216644311,"Koda",2023-02-27,"December"
8.83055554647077,"Koda",2023-02-28,"December"
7.7643340500736,"Koda",2023-03-01,"December"
9.21440479359042,"Koda",2023-03-02,"December"
11.9210762855304,"Koda",2023-03-03,"December"
10.6723486056188,"Koda",2023-03-04,"December"
12.8349934693029,"Koda",2023-03-05,"December"
16.8884201764625,"Koda",2023-03-06,"December"
15.3883259097139,"Koda",2023-03-07,"December"
15.7330786439198,"Koda",2023-03-08,"December"
18.0414753421417,"Koda",2023-03-09,"December"
10.1927421563646,"Koda",2023-03-10,"December"
13.2779619680439,"Koda",2023-03-11,"December"
14.1621455356763,"Koda",2023-03-12,"December"
13.5308721462745,"Koda",2023-03-13,"December"
13.4297392310436,"Koda",2023-03-14,"December"
9.98079737838055,"Koda",2023-03-15,"December"
11.5902477977225,"Koda",2023-03-16,"December"
11.7166898710705,"Koda",2023-03-17,"December"
11.4085618139307,"Koda",2023-03-18,"December"
10.3403997312894,"Koda",2023-03-19,"December"
11.6174066472274,"Koda",2023-03-20,"December"
10.2182433046989,"Koda",2023-03-21,"December"
10.7818302109735,"Koda",2023-03-22,"December"
8.93520119318494,"Koda",2023-03-23,"December"
12.7294448541168,"Koda",2023-03-24,"December"
10.7070016046695,"Koda",2023-03-25,"December"
15.1922374463448,"Koda",2023-03-26,"December"
10.8475069444172,"Koda",2023-03-27,"December"
8.61546884924728,"Koda",2023-03-28,"December"
12.0494945226956,"Koda",2023-03-29,"December"
10.9195504879975,"Koda",2023-03-30,"December"
12.2521321465215,"Koda",2023-03-31,"December"
11.5937661369214,"Koda",2023-04-01,"December"
14.9561054906848,"Koda",2023-04-02,"December"
18.4799222127495,"Koda",2023-04-03,"December"
12.2950816071568,"Koda",2023-04-04,"December"
9.32250292392689,"Koda",2023-04-05,"December"
10.4649257699283,"Koda",2023-04-06,"December"
11.9836572285844,"Koda",2023-04-07,"December"
10.4496531363412,"Koda",2023-04-08,"December"
11.3648436189034,"Koda",2023-04-09,"December"
7.88138038128468,"Koda",2023-04-10,"December"
9.41373645801065,"Koda",2023-04-11,"December"
13.7464714288405,"Koda",2023-04-12,"December"
8.74274776623541,"Koda",2023-04-13,"December"
10.9955822848411,"Koda",2023-04-14,"December"
8.86592153885251,"Koda",2023-04-15,"December"
9.83772247109921,"Koda",2023-04-16,"December"
12.2402680542601,"Koda",2023-04-17,"December"
4.91983240691854,"Koda",2023-04-18,"December"
0.742083221224805,"Iona",2022-12-14,"December"
2.60891901542444,"Iona",2022-12-15,"December"
9.50644379350086,"Iona",2022-12-16,"December"
10.2579845262783,"Iona",2022-12-17,"December"
7.86035623144149,"Iona",2022-12-18,"December"
6.46773131458811,"Iona",2022-12-19,"December"
4.53777609567365,"Iona",2022-12-20,"December"
4.8767117331756,"Iona",2022-12-21,"December"
3.77542952296455,"Iona",2022-12-22,"December"
3.65417963699734,"Iona",2022-12-23,"December"
5.23147146263904,"Iona",2022-12-24,"December"
5.9740035342717,"Iona",2022-12-25,"December"
5.10481328238914,"Iona",2022-12-26,"December"
5.96699692960584,"Iona",2022-12-27,"December"
2.76870140849244,"Iona",2022-12-28,"December"
3.03086370827062,"Iona",2022-12-29,"December"
3.59682834772824,"Iona",2022-12-30,"December"
4.23600532335263,"Iona",2022-12-31,"December"
3.68340366803261,"Iona",2023-01-01,"December"
3.19893825676633,"Iona",2023-01-02,"December"
2.79606508254956,"Iona",2023-01-03,"December"
3.77412148567247,"Iona",2023-01-04,"December"
6.35921774819425,"Iona",2023-01-05,"December"
7.5399532386626,"Iona",2023-01-06,"December"
7.30779925707104,"Iona",2023-01-07,"December"
5.58869596663711,"Iona",2023-01-08,"December"
5.30136624149969,"Iona",2023-01-09,"December"
5.43618758176172,"Iona",2023-01-10,"December"
4.57323202743102,"Iona",2023-01-11,"December"
3.78646567158625,"Iona",2023-01-12,"December"
4.73586566046733,"Iona",2023-01-13,"December"
5.07899356907423,"Iona",2023-01-14,"December"
5.36374299186923,"Iona",2023-01-15,"December"
5.06970583825353,"Iona",2023-01-16,"December"
3.4072865844322,"Iona",2023-01-17,"December"
2.77025717541528,"Iona",2023-01-18,"December"
2.19089107477061,"Iona",2023-01-19,"December"
4.36526163984794,"Iona",2023-01-20,"December"
5.43440111648331,"Iona",2023-01-21,"December"
4.608489441308,"Iona",2023-01-22,"December"
5.2617300017727,"Iona",2023-01-23,"December"
4.84885854630014,"Iona",2023-01-24,"December"
6.80264118050387,"Iona",2023-01-25,"December"
7.20463580212889,"Iona",2023-01-26,"December"
6.96971771639018,"Iona",2023-01-27,"December"
4.96621433976537,"Iona",2023-01-28,"December"
3.36535428162643,"Iona",2023-01-29,"December"
3.64975274559181,"Iona",2023-01-30,"December"
3.55108217121407,"Iona",2023-01-31,"December"
4.80818259422651,"Iona",2023-02-01,"December"
4.40566299167805,"Iona",2023-02-02,"December"
3.69142330887696,"Iona",2023-02-03,"December"
6.17570470027358,"Iona",2023-02-04,"December"
5.52041266362372,"Iona",2023-02-05,"December"
4.1871934951048,"Iona",2023-02-06,"December"
5.16741145392253,"Iona",2023-02-07,"December"
5.6364151009702,"Iona",2023-02-08,"December"
4.71442180267462,"Iona",2023-02-09,"December"
4.29817688368539,"Iona",2023-02-10,"December"
4.529079270571,"Iona",2023-02-11,"December"
5.38875389413149,"Iona",2023-02-12,"December"
4.70320530860584,"Iona",2023-02-13,"December"
4.38175734524117,"Iona",2023-02-14,"December"
4.24947656324461,"Iona",2023-02-15,"December"
3.20363865085234,"Iona",2023-02-16,"December"
5.92503492316167,"Iona",2023-02-17,"December"
4.01683438267709,"Iona",2023-02-18,"December"
5.06916558710089,"Iona",2023-02-19,"December"
4.46169571374151,"Iona",2023-02-20,"December"
4.17847936571101,"Iona",2023-02-21,"December"
4.28984174019472,"Iona",2023-02-22,"December"
3.71221119441969,"Iona",2023-02-23,"December"
4.04603843373308,"Iona",2023-02-24,"December"
2.44824543705405,"Iona",2023-02-25,"December"
1.94740356043263,"Iona",2023-02-26,"December"
4.14966559526925,"Iona",2023-02-27,"December"
3.16687951499058,"Iona",2023-02-28,"December"
2.45645950957909,"Iona",2023-03-01,"December"
4.49752638707513,"Iona",2023-03-02,"December"
5.77598254640364,"Iona",2023-03-03,"December"
5.25082873337493,"Iona",2023-03-04,"December"
6.92302624603853,"Iona",2023-03-05,"December"
8.17909420192762,"Iona",2023-03-06,"December"
9.7964496295781,"Iona",2023-03-07,"December"
6.50505627743508,"Iona",2023-03-08,"December"
5.64884041595328,"Iona",2023-03-09,"December"
5.90749935942167,"Iona",2023-03-10,"December"
6.20178600665847,"Iona",2023-03-11,"December"
5.07211450488622,"Iona",2023-03-12,"December"
4.65167241843591,"Iona",2023-03-13,"December"
5.27437390582012,"Iona",2023-03-14,"December"
3.64872729564873,"Iona",2023-03-15,"December"
4.23335126681507,"Iona",2023-03-16,"December"
3.1810889951993,"Iona",2023-03-17,"December"
3.04762096637318,"Iona",2023-03-18,"December"
1.83700363588151,"Iona",2023-03-19,"December"
2.46045840130288,"Iona",2023-03-20,"December"
1.70719113224632,"Iona",2023-03-21,"December"
3.38759167842211,"Iona",2023-03-22,"December"
4.98724196198526,"Iona",2023-03-23,"December"
7.21373484084722,"Iona",2023-03-24,"December"
6.97800729282287,"Iona",2023-03-25,"December"
5.27585657411684,"Iona",2023-03-26,"December"
4.32976754901246,"Iona",2023-03-27,"December"
4.15755123874222,"Iona",2023-03-28,"December"
4.78140170010733,"Iona",2023-03-29,"December"
4.91601812791124,"Iona",2023-03-30,"December"
5.11605067529832,"Iona",2023-03-31,"December"
6.26099478524471,"Iona",2023-04-01,"December"
5.98941660047346,"Iona",2023-04-02,"December"
6.4972242463673,"Iona",2023-04-03,"December"
6.51449134512877,"Iona",2023-04-04,"December"
6.78081261777267,"Iona",2023-04-05,"December"
6.35629579547594,"Iona",2023-04-06,"December"
6.79676086931085,"Iona",2023-04-07,"December"
3.9326573151653,"Iona",2023-04-08,"December"
5.34812231342432,"Iona",2023-04-09,"December"
5.94572814789708,"Iona",2023-04-10,"December"
5.36227302420925,"Iona",2023-04-11,"December"
4.79640610309149,"Iona",2023-04-12,"December"
4.65993896260785,"Iona",2023-04-13,"December"
4.94468705477805,"Iona",2023-04-14,"December"
3.038647047908,"Iona",2023-04-15,"December"
2.45143219323738,"Iona",2023-04-16,"December"
4.29759675601553,"Iona",2023-04-17,"December"
0.784497876858372,"Iona",2023-04-18,"December"
0.5231827376527,"Prem",2023-01-13,"January"
2.63745227537735,"Prem",2023-01-14,"January"
2.48631239548327,"Prem",2023-01-15,"January"
8.58922017687964,"Prem",2023-01-16,"January"
4.1747519800999,"Prem",2023-01-17,"January"
1.25833049088935,"Prem",2023-01-18,"January"
5.35967688435463,"Prem",2023-01-19,"January"
12.290598638809,"Prem",2023-01-20,"January"
14.092487261045,"Prem",2023-01-21,"January"
13.3455673736444,"Prem",2023-01-22,"January"
10.2635987097092,"Prem",2023-01-23,"January"
6.95250341587064,"Prem",2023-01-24,"January"
12.6417079244469,"Prem",2023-01-25,"January"
14.0847379851717,"Prem",2023-01-26,"January"
16.2685845697914,"Prem",2023-01-27,"January"
8.23592093452496,"Prem",2023-01-28,"January"
7.80622729455478,"Prem",2023-01-29,"January"
7.46347429851181,"Prem",2023-01-30,"January"
11.9109893308512,"Prem",2023-01-31,"January"
9.74808043749147,"Prem",2023-02-01,"January"
11.0627327797156,"Prem",2023-02-02,"January"
17.0362074798763,"Prem",2023-02-03,"January"
16.5905614174144,"Prem",2023-02-04,"January"
11.5578377590037,"Prem",2023-02-05,"January"
13.0045189623436,"Prem",2023-02-06,"January"
11.199731779468,"Prem",2023-02-07,"January"
12.3740553916779,"Prem",2023-02-08,"January"
8.77504829653937,"Prem",2023-02-09,"January"
8.26831334463597,"Prem",2023-02-10,"January"
7.77120688777946,"Prem",2023-02-11,"January"
8.73521654466053,"Prem",2023-02-12,"January"
9.83155861020795,"Prem",2023-02-13,"January"
8.45375553854227,"Prem",2023-02-14,"January"
7.23356639585851,"Prem",2023-02-15,"January"
8.20982585093006,"Prem",2023-02-16,"January"
6.6401921948994,"Prem",2023-02-17,"January"
6.1186473957101,"Prem",2023-02-18,"January"
5.06169892016113,"Prem",2023-02-19,"January"
11.3059179610029,"Prem",2023-02-20,"January"
7.83649592975455,"Prem",2023-02-21,"January"
10.1230770784322,"Prem",2023-02-22,"January"
7.465131769066,"Prem",2023-02-23,"January"
6.23936616902748,"Prem",2023-02-24,"January"
6.96297914368789,"Prem",2023-02-25,"January"
6.57419523852532,"Prem",2023-02-26,"January"
5.71891144185302,"Prem",2023-02-27,"January"
5.00232882825732,"Prem",2023-02-28,"January"
6.48594725912963,"Prem",2023-03-01,"January"
6.72772932569066,"Prem",2023-03-02,"January"
7.36198807286075,"Prem",2023-03-03,"January"
7.27016119291646,"Prem",2023-03-04,"January"
9.04945249763013,"Prem",2023-03-05,"January"
10.8520904279518,"Prem",2023-03-06,"January"
8.79687663724114,"Prem",2023-03-07,"January"
11.0512851082275,"Prem",2023-03-08,"January"
10.1340107170739,"Prem",2023-03-09,"January"
9.07676363570568,"Prem",2023-03-10,"January"
8.81783957822538,"Prem",2023-03-11,"January"
9.14928685781481,"Prem",2023-03-12,"January"
5.59300160011242,"Prem",2023-03-13,"January"
0.109801045019305,"Rove",2023-01-13,"January"
1.86113375734627,"Rove",2023-01-14,"January"
3.90532579721439,"Rove",2023-01-15,"January"
4.42585989024998,"Rove",2023-01-16,"January"
4.99104662947576,"Rove",2023-01-17,"January"
3.95049521129435,"Rove",2023-01-18,"January"
2.39156703334867,"Rove",2023-01-19,"January"
3.48908308028548,"Rove",2023-01-20,"January"
3.82111906758252,"Rove",2023-01-21,"January"
5.29676010067265,"Rove",2023-01-22,"January"
5.719100657898,"Rove",2023-01-23,"January"
6.26558830452874,"Rove",2023-01-24,"January"
6.71817364751085,"Rove",2023-01-25,"January"
6.96886958619783,"Rove",2023-01-26,"January"
7.37317879406694,"Rove",2023-01-27,"January"
6.15386829141484,"Rove",2023-01-28,"January"
6.89908630049091,"Rove",2023-01-29,"January"
6.14656540439815,"Rove",2023-01-30,"January"
7.10594504056769,"Rove",2023-01-31,"January"
6.28630076579205,"Rove",2023-02-01,"January"
5.10343792352145,"Rove",2023-02-02,"January"
5.58355704467656,"Rove",2023-02-03,"January"
8.57403818306596,"Rove",2023-02-04,"January"
4.78004565610444,"Rove",2023-02-05,"January"
6.1940055132137,"Rove",2023-02-06,"January"
4.98646805378465,"Rove",2023-02-07,"January"
5.63982824327698,"Rove",2023-02-08,"January"
5.55648267803582,"Rove",2023-02-09,"January"
5.46159398135597,"Rove",2023-02-10,"January"
5.07269845435146,"Rove",2023-02-11,"January"
6.63453260050557,"Rove",2023-02-12,"January"
5.13228756471456,"Rove",2023-02-13,"January"
5.5805525004761,"Rove",2023-02-14,"January"
5.71387171059816,"Rove",2023-02-15,"January"
5.81194914996847,"Rove",2023-02-16,"January"
5.74619416943983,"Rove",2023-02-17,"January"
4.16224672090251,"Rove",2023-02-18,"January"
3.49909707707302,"Rove",2023-02-19,"January"
3.84210812228331,"Rove",2023-02-20,"January"
4.18471072258045,"Rove",2023-02-21,"January"
5.42038124613776,"Rove",2023-02-22,"January"
4.61432788922074,"Rove",2023-02-23,"January"
4.4228475967714,"Rove",2023-02-24,"January"
4.73851864554424,"Rove",2023-02-25,"January"
4.71612035046387,"Rove",2023-02-26,"January"
4.94131128966499,"Rove",2023-02-27,"January"
4.76770196350052,"Rove",2023-02-28,"January"
4.84491235354452,"Rove",2023-03-01,"January"
5.79727371591872,"Rove",2023-03-02,"January"
8.43691742102945,"Rove",2023-03-03,"January"
7.05337069377996,"Rove",2023-03-04,"January"
7.29495685867905,"Rove",2023-03-05,"January"
6.59290396660482,"Rove",2023-03-06,"January"
10.2628549465053,"Rove",2023-03-07,"January"
9.667976000111,"Rove",2023-03-08,"January"
8.48058317315906,"Rove",2023-03-09,"January"
8.48112475942381,"Rove",2023-03-10,"January"
6.10133439387015,"Rove",2023-03-11,"January"
6.57499623944008,"Rove",2023-03-12,"January"
5.47479957968822,"Rove",2023-03-13,"January"
4.90527339921006,"Rove",2023-03-14,"January"
1.9777054124858,"Rove",2023-03-15,"January"
0.520965253580471,"Rove",2023-03-16,"January"
0.0458439731971582,"Valentine",2023-01-13,"January"
0.940650485766784,"Valentine",2023-01-14,"January"
1.94599613177289,"Valentine",2023-01-15,"January"
2.92773796345776,"Valentine",2023-01-16,"January"
4.50649740315393,"Valentine",2023-01-17,"January"
4.55270750153709,"Valentine",2023-01-18,"January"
3.59371344739446,"Valentine",2023-01-19,"January"
5.08796174837249,"Valentine",2023-01-20,"January"
6.63011627971222,"Valentine",2023-01-21,"January"
5.15076315632623,"Valentine",2023-01-22,"January"
5.39053550732179,"Valentine",2023-01-23,"January"
4.83704619692383,"Valentine",2023-01-24,"January"
3.84217450747025,"Valentine",2023-01-25,"January"
4.47381003299479,"Valentine",2023-01-26,"January"
4.09505395568727,"Valentine",2023-01-27,"January"
4.08430072077242,"Valentine",2023-01-28,"January"
3.11949840879217,"Valentine",2023-01-29,"January"
3.58645482411034,"Valentine",2023-01-30,"January"
5.48804269425934,"Valentine",2023-01-31,"January"
3.68164158225165,"Valentine",2023-02-01,"January"
4.36014010241042,"Valentine",2023-02-02,"January"
5.32443072068475,"Valentine",2023-02-03,"January"
5.8319545962569,"Valentine",2023-02-04,"January"
4.35310766592946,"Valentine",2023-02-05,"January"
4.80326525277542,"Valentine",2023-02-06,"January"
4.31006237164628,"Valentine",2023-02-07,"January"
4.58762847321724,"Valentine",2023-02-08,"January"
3.96044358647576,"Valentine",2023-02-09,"January"
4.16909886366255,"Valentine",2023-02-10,"January"
4.01881875998238,"Valentine",2023-02-11,"January"
3.26807691212456,"Valentine",2023-02-12,"January"
4.28657311442494,"Valentine",2023-02-13,"January"
4.69268295643721,"Valentine",2023-02-14,"January"
4.38482720232795,"Valentine",2023-02-15,"January"
4.3124539043473,"Valentine",2023-02-16,"January"
3.38718771751075,"Valentine",2023-02-17,"January"
3.1624836398097,"Valentine",2023-02-18,"January"
3.16559188562314,"Valentine",2023-02-19,"January"
3.61508970949326,"Valentine",2023-02-20,"January"
4.20576532781492,"Valentine",2023-02-21,"January"
4.45134505654467,"Valentine",2023-02-22,"January"
4.45503146108937,"Valentine",2023-02-23,"January"
3.35459901567873,"Valentine",2023-02-24,"January"
4.20008890503831,"Valentine",2023-02-25,"January"
3.26609076717927,"Valentine",2023-02-26,"January"
3.77855399701376,"Valentine",2023-02-27,"January"
3.14805204064601,"Valentine",2023-02-28,"January"
3.49823408603005,"Valentine",2023-03-01,"January"
5.2118640720205,"Valentine",2023-03-02,"January"
4.91004060459605,"Valentine",2023-03-03,"January"
5.44159659780904,"Valentine",2023-03-04,"January"
6.21784683558341,"Valentine",2023-03-05,"January"
5.29007059092781,"Valentine",2023-03-06,"January"
5.16741776366332,"Valentine",2023-03-07,"January"
5.53966556149147,"Valentine",2023-03-08,"January"
4.9597225121962,"Valentine",2023-03-09,"January"
5.05418983314667,"Valentine",2023-03-10,"January"
6.03770451106246,"Valentine",2023-03-11,"January"
4.97820559835665,"Valentine",2023-03-12,"January"
4.96254844384384,"Valentine",2023-03-13,"January"
5.53492642944449,"Valentine",2023-03-14,"January"
4.4657093327178,"Valentine",2023-03-15,"January"
5.09154203505117,"Valentine",2023-03-16,"January"
4.13368893105029,"Valentine",2023-03-17,"January"
3.64685708820164,"Valentine",2023-03-18,"January"
3.74793119768505,"Valentine",2023-03-19,"January"
2.41361787531699,"Valentine",2023-03-20,"January"
4.26095549954392,"Valentine",2023-03-21,"January"
4.12736376139836,"Valentine",2023-03-22,"January"
4.40812057782985,"Valentine",2023-03-23,"January"
5.08174233926345,"Valentine",2023-03-24,"January"
3.02239659921408,"Valentine",2023-03-25,"January"
3.86388291173097,"Valentine",2023-03-26,"January"
4.2469036175157,"Valentine",2023-03-27,"January"
3.56522625549442,"Valentine",2023-03-28,"January"
4.21775167496903,"Valentine",2023-03-29,"January"
3.51059912834617,"Valentine",2023-03-30,"January"
4.38238998356016,"Valentine",2023-03-31,"January"
5.33463442644308,"Valentine",2023-04-01,"January"
5.26294529341013,"Valentine",2023-04-02,"January"
5.22634738199013,"Valentine",2023-04-03,"January"
4.60637048927449,"Valentine",2023-04-04,"January"
4.48530103800849,"Valentine",2023-04-05,"January"
4.38830229856426,"Valentine",2023-04-06,"January"
5.14828907744691,"Valentine",2023-04-07,"January"
4.57817910924772,"Valentine",2023-04-08,"January"
5.07900636007103,"Valentine",2023-04-09,"January"
6.22729698973258,"Valentine",2023-04-10,"January"
4.84443849093499,"Valentine",2023-04-11,"January"
6.10212139301199,"Valentine",2023-04-12,"January"
3.6568730350397,"Valentine",2023-04-13,"January"
3.80628001362376,"Valentine",2023-04-14,"January"
3.2888981995816,"Valentine",2023-04-15,"January"
2.45140541241162,"Valentine",2023-04-16,"January"
2.88758851190481,"Valentine",2023-04-17,"January"
1.95645374592513,"Valentine",2023-04-18,"January"
0.0109227203669656,"Marmalade",2023-01-13,"January"
1.46245662340211,"Marmalade",2023-01-14,"January"
1.99289855618262,"Marmalade",2023-01-15,"January"
1.79762860125809,"Marmalade",2023-01-16,"January"
1.49376740605097,"Marmalade",2023-01-17,"January"
0.587258749765178,"Marmalade",2023-01-18,"January"
2.08788496923795,"Marmalade",2023-01-19,"January"
4.21909664129726,"Marmalade",2023-01-20,"January"
3.84505408081516,"Marmalade",2023-01-21,"January"
7.07605520175194,"Marmalade",2023-01-22,"January"
6.43384467376807,"Marmalade",2023-01-23,"January"
5.58577036886195,"Marmalade",2023-01-24,"January"
4.50695834141442,"Marmalade",2023-01-25,"January"
4.97398602387064,"Marmalade",2023-01-26,"January"
5.38404279497541,"Marmalade",2023-01-27,"January"
4.88626363278625,"Marmalade",2023-01-28,"January"
2.57826023146262,"Marmalade",2023-01-29,"January"
3.27732498935139,"Marmalade",2023-01-30,"January"
3.6397672385666,"Marmalade",2023-01-31,"January"
4.02791039689525,"Marmalade",2023-02-01,"January"
6.0659926397211,"Marmalade",2023-02-02,"January"
4.77586424606264,"Marmalade",2023-02-03,"January"
5.77172544250239,"Marmalade",2023-02-04,"January"
4.06083484321582,"Marmalade",2023-02-05,"January"
4.08260094309085,"Marmalade",2023-02-06,"January"
5.07016425139341,"Marmalade",2023-02-07,"January"
4.72714401687145,"Marmalade",2023-02-08,"January"
4.61024905908111,"Marmalade",2023-02-09,"January"
3.94007722392928,"Marmalade",2023-02-10,"January"
5.04053667355118,"Marmalade",2023-02-11,"January"
4.5006363411254,"Marmalade",2023-02-12,"January"
4.46753968317013,"Marmalade",2023-02-13,"January"
4.79573705685579,"Marmalade",2023-02-14,"January"
4.19735433691326,"Marmalade",2023-02-15,"January"
3.19799443834204,"Marmalade",2023-02-16,"January"
3.27944318480172,"Marmalade",2023-02-17,"January"
2.86378995772167,"Marmalade",2023-02-18,"January"
4.36105244328506,"Marmalade",2023-02-19,"January"
3.38933968643618,"Marmalade",2023-02-20,"January"
3.97090419616819,"Marmalade",2023-02-21,"January"
3.82948522737912,"Marmalade",2023-02-22,"January"
4.01767655149021,"Marmalade",2023-02-23,"January"
4.57476205299588,"Marmalade",2023-02-24,"January"
4.77670917823299,"Marmalade",2023-02-25,"January"
3.31688197382043,"Marmalade",2023-02-26,"January"
3.91160982181251,"Marmalade",2023-02-27,"January"
3.80157582654597,"Marmalade",2023-02-28,"January"
3.45470050926577,"Marmalade",2023-03-01,"January"
3.78258715188204,"Marmalade",2023-03-02,"January"
5.2062987704399,"Marmalade",2023-03-03,"January"
5.12685686692516,"Marmalade",2023-03-04,"January"
4.50547079163283,"Marmalade",2023-03-05,"January"
5.28003028578977,"Marmalade",2023-03-06,"January"
5.41774563382285,"Marmalade",2023-03-07,"January"
5.84535062017002,"Marmalade",2023-03-08,"January"
5.50540315209749,"Marmalade",2023-03-09,"January"
4.79109410706218,"Marmalade",2023-03-10,"January"
4.40996646311077,"Marmalade",2023-03-11,"January"
4.10398043932277,"Marmalade",2023-03-12,"January"
4.84846466421785,"Marmalade",2023-03-13,"January"
4.16119463848128,"Marmalade",2023-03-14,"January"
3.7552190111272,"Marmalade",2023-03-15,"January"
4.60298031650593,"Marmalade",2023-03-16,"January"
3.95252316993339,"Marmalade",2023-03-17,"January"
4.24268109909461,"Marmalade",2023-03-18,"January"
2.61944154482934,"Marmalade",2023-03-19,"January"
1.57700056911661,"Marmalade",2023-03-20,"January"
1.54419571011871,"Marmalade",2023-03-21,"January"
2.87659992163102,"Marmalade",2023-03-22,"January"
2.95247492605552,"Marmalade",2023-03-23,"January"
5.46396996131947,"Marmalade",2023-03-24,"January"
5.9178278669606,"Marmalade",2023-03-25,"January"
6.22459421532472,"Marmalade",2023-03-26,"January"
6.14800116238634,"Marmalade",2023-03-27,"January"
3.91519382058534,"Marmalade",2023-03-28,"January"
6.0251522024327,"Marmalade",2023-03-29,"January"
4.45275969173032,"Marmalade",2023-03-30,"January"
4.10227836452462,"Marmalade",2023-03-31,"January"
4.5763255900352,"Marmalade",2023-04-01,"January"
4.29116815614443,"Marmalade",2023-04-02,"January"
4.45427443078052,"Marmalade",2023-04-03,"January"
4.54973493378083,"Marmalade",2023-04-04,"January"
4.89661285063751,"Marmalade",2023-04-05,"January"
4.92969932506053,"Marmalade",2023-04-06,"January"
1.81119611568159,"Marmalade",2023-04-07,"January"
2.57713643201055,"Marmalade",2023-04-08,"January"
5.23792191011451,"Marmalade",2023-04-09,"January"
4.78427503722068,"Marmalade",2023-04-10,"January"
4.46942949514469,"Marmalade",2023-04-11,"January"
4.77341977273857,"Marmalade",2023-04-12,"January"
5.17504167534398,"Marmalade",2023-04-13,"January"
3.28020776894493,"Marmalade",2023-04-14,"January"
2.06119391989909,"Marmalade",2023-04-15,"January"
2.14500103971781,"Marmalade",2023-04-16,"January"
2.88512995394623,"Marmalade",2023-04-17,"January"
0.538505805898964,"Marmalade",2023-04-18,"January"
0.111630288410605,"Wobbles",2023-01-17,"January"
0.0115845750710003,"Wobbles",2023-01-18,"January"
0.925956774284334,"Wobbles",2023-01-19,"January"
2.5738071854243,"Wobbles",2023-01-20,"January"
3.02296047388489,"Wobbles",2023-01-21,"January"
3.60902207636774,"Wobbles",2023-01-22,"January"
3.19227779755845,"Wobbles",2023-01-23,"January"
1.39961983870317,"Wobbles",2023-01-24,"January"
0.756276810369878,"Brook",2023-01-17,"January"
1.55447812277629,"Brook",2023-01-18,"January"
1.49638269366126,"Brook",2023-01-19,"January"
4.28353005647277,"Brook",2023-01-20,"January"
4.0221755497313,"Brook",2023-01-21,"January"
4.86140875978041,"Brook",2023-01-22,"January"
4.2101842212375,"Brook",2023-01-23,"January"
3.51993569755777,"Brook",2023-01-24,"January"
4.17972004737643,"Brook",2023-01-25,"January"
3.77882828048944,"Brook",2023-01-26,"January"
3.25681313194911,"Brook",2023-01-27,"January"
2.95905568650575,"Brook",2023-01-28,"January"
2.55977500369894,"Brook",2023-01-29,"January"
4.97018720263984,"Brook",2023-01-30,"January"
4.64454902967498,"Brook",2023-01-31,"January"
4.92298627541603,"Brook",2023-02-01,"January"
6.01095505888833,"Brook",2023-02-02,"January"
5.39699570261522,"Brook",2023-02-03,"January"
4.6297319150992,"Brook",2023-02-04,"January"
4.81339893767607,"Brook",2023-02-05,"January"
4.9051086238679,"Brook",2023-02-06,"January"
3.66475013500199,"Brook",2023-02-07,"January"
3.82965429968694,"Brook",2023-02-08,"January"
3.93805289957719,"Brook",2023-02-09,"January"
4.19196772368611,"Brook",2023-02-10,"January"
3.97771291206818,"Brook",2023-02-11,"January"
3.2703100389776,"Brook",2023-02-12,"January"
3.67518701356606,"Brook",2023-02-13,"January"
4.70445762029423,"Brook",2023-02-14,"January"
4.1047741540948,"Brook",2023-02-15,"January"
3.04082769434756,"Brook",2023-02-16,"January"
2.71858478967571,"Brook",2023-02-17,"January"
2.80418465440203,"Brook",2023-02-18,"January"
3.5379553005564,"Brook",2023-02-19,"January"
3.36128434704477,"Brook",2023-02-20,"January"
3.56937948763335,"Brook",2023-02-21,"January"
4.16539683153883,"Brook",2023-02-22,"January"
4.14373450707177,"Brook",2023-02-23,"January"
3.78590264579644,"Brook",2023-02-24,"January"
4.26850243202008,"Brook",2023-02-25,"January"
4.37170158622439,"Brook",2023-02-26,"January"
5.46345842263186,"Brook",2023-02-27,"January"
4.16072637513673,"Brook",2023-02-28,"January"
3.94322963979471,"Brook",2023-03-01,"January"
3.71579737210755,"Brook",2023-03-02,"January"
3.7476283996061,"Brook",2023-03-03,"January"
4.00575823190719,"Brook",2023-03-04,"January"
4.1254866626493,"Brook",2023-03-05,"January"
4.56846565652191,"Brook",2023-03-06,"January"
4.04857204156878,"Brook",2023-03-07,"January"
5.51113562454058,"Brook",2023-03-08,"January"
3.7657085502052,"Brook",2023-03-09,"January"
4.69382718527822,"Brook",2023-03-10,"January"
3.84710269229951,"Brook",2023-03-11,"January"
4.40803718083083,"Brook",2023-03-12,"January"
4.36479169870415,"Brook",2023-03-13,"January"
3.29364056768495,"Brook",2023-03-14,"January"
4.68468364863961,"Brook",2023-03-15,"January"
4.55670635848391,"Brook",2023-03-16,"January"
5.78403630716272,"Brook",2023-03-17,"January"
6.44153248768015,"Brook",2023-03-18,"January"
4.48038440640133,"Brook",2023-03-19,"January"
4.90426261293152,"Brook",2023-03-20,"January"
5.06130479660778,"Brook",2023-03-21,"January"
3.86166119065047,"Brook",2023-03-22,"January"
4.97252667614936,"Brook",2023-03-23,"January"
4.78040683666706,"Brook",2023-03-24,"January"
3.72735305498994,"Brook",2023-03-25,"January"
3.8791516557316,"Brook",2023-03-26,"January"
4.32507433426954,"Brook",2023-03-27,"January"
3.9531398695841,"Brook",2023-03-28,"January"
3.98525232242267,"Brook",2023-03-29,"January"
2.984588786275,"Brook",2023-03-30,"January"
4.10756401827718,"Brook",2023-03-31,"January"
4.83984194613938,"Brook",2023-04-01,"January"
4.79069383009342,"Brook",2023-04-02,"January"
4.27533336780863,"Brook",2023-04-03,"January"
4.56446517713093,"Brook",2023-04-04,"January"
5.34466537225068,"Brook",2023-04-05,"January"
5.18939167959721,"Brook",2023-04-06,"January"
6.76710949317377,"Brook",2023-04-07,"January"
5.32683306095517,"Brook",2023-04-08,"January"
5.5115878980373,"Brook",2023-04-09,"January"
5.57331532726864,"Brook",2023-04-10,"January"
6.41411815236423,"Brook",2023-04-11,"January"
6.27164675143617,"Brook",2023-04-12,"January"
5.47823877393032,"Brook",2023-04-13,"January"
5.44828740013502,"Brook",2023-04-14,"January"
5.12973376341404,"Brook",2023-04-15,"January"
5.5028586461815,"Brook",2023-04-16,"January"
5.05668303955428,"Brook",2023-04-17,"January"
2.36124421391089,"Brook",2023-04-18,"January"
0.279802311107748,"Clover",2023-01-17,"January"
0.470868195810992,"Clover",2023-01-18,"January"
1.79785324518085,"Clover",2023-01-19,"January"
3.82089645069625,"Clover",2023-01-20,"January"
2.97476364814496,"Clover",2023-01-21,"January"
3.47401899311647,"Clover",2023-01-22,"January"
4.59697921107497,"Clover",2023-01-23,"January"
3.87957252907753,"Clover",2023-01-24,"January"
4.19874020361381,"Clover",2023-01-25,"January"
4.00963011408903,"Clover",2023-01-26,"January"
4.0339187005269,"Clover",2023-01-27,"January"
3.67606581951807,"Clover",2023-01-28,"January"
3.63412277688542,"Clover",2023-01-29,"January"
3.99260722127053,"Clover",2023-01-30,"January"
4.14640931209715,"Clover",2023-01-31,"January"
4.98260359573509,"Clover",2023-02-01,"January"
4.23575950984083,"Clover",2023-02-02,"January"
4.936072846256,"Clover",2023-02-03,"January"
5.4700884242876,"Clover",2023-02-04,"January"
5.82304540673665,"Clover",2023-02-05,"January"
6.49885932960045,"Clover",2023-02-06,"January"
6.61989887180928,"Clover",2023-02-07,"January"
6.4640539736835,"Clover",2023-02-08,"January"
6.25142009975904,"Clover",2023-02-09,"January"
4.16142894183514,"Clover",2023-02-10,"January"
4.04272551033434,"Clover",2023-02-11,"January"
3.43651527682839,"Clover",2023-02-12,"January"
4.0940840569678,"Clover",2023-02-13,"January"
4.64790858547901,"Clover",2023-02-14,"January"
6.27317205585946,"Clover",2023-02-15,"January"
4.3674675750982,"Clover",2023-02-16,"January"
3.39767051991507,"Clover",2023-02-17,"January"
3.57775599686288,"Clover",2023-02-18,"January"
3.80938068301452,"Clover",2023-02-19,"January"
3.67035331430349,"Clover",2023-02-20,"January"
3.42599733341305,"Clover",2023-02-21,"January"
3.38382559810852,"Clover",2023-02-22,"January"
3.7879253384347,"Clover",2023-02-23,"January"
3.74561211231302,"Clover",2023-02-24,"January"
5.09932596927253,"Clover",2023-02-25,"January"
3.62853117787656,"Clover",2023-02-26,"January"
4.27719604682008,"Clover",2023-02-27,"January"
3.48049623560921,"Clover",2023-02-28,"January"
3.50943560486186,"Clover",2023-03-01,"January"
3.63993451214082,"Clover",2023-03-02,"January"
6.02914668117658,"Clover",2023-03-03,"January"
6.1195969569375,"Clover",2023-03-04,"January"
5.253366110299,"Clover",2023-03-05,"January"
6.09039225087012,"Clover",2023-03-06,"January"
3.93413233503436,"Clover",2023-03-07,"January"
5.64029565375765,"Clover",2023-03-08,"January"
4.78292457140815,"Clover",2023-03-09,"January"
6.14602967185104,"Clover",2023-03-10,"January"
4.71704540998096,"Clover",2023-03-11,"January"
5.83666285686575,"Clover",2023-03-12,"January"
4.95943941901845,"Clover",2023-03-13,"January"
4.6161700725378,"Clover",2023-03-14,"January"
4.77287411866421,"Clover",2023-03-15,"January"
4.5625554200527,"Clover",2023-03-16,"January"
4.26346424939005,"Clover",2023-03-17,"January"
5.12411826823736,"Clover",2023-03-18,"January"
2.41295322739649,"Clover",2023-03-19,"January"
0.844108014849564,"Clover",2023-03-20,"January"
1.93772974277848,"Clover",2023-03-21,"January"
2.87548287086541,"Clover",2023-03-22,"January"
4.47340309625993,"Clover",2023-03-23,"January"
5.16087811424557,"Clover",2023-03-24,"January"
5.57503278493241,"Clover",2023-03-25,"January"
4.77854888049815,"Clover",2023-03-26,"January"
4.54400731421961,"Clover",2023-03-27,"January"
3.26729891336067,"Clover",2023-03-28,"January"
5.17140485619271,"Clover",2023-03-29,"January"
4.43679531390119,"Clover",2023-03-30,"January"
4.86158368608933,"Clover",2023-03-31,"January"
4.98535084045092,"Clover",2023-04-01,"January"
5.37794355542139,"Clover",2023-04-02,"January"
6.16057136831011,"Clover",2023-04-03,"January"
7.78686627654585,"Clover",2023-04-04,"January"
8.03640576455606,"Clover",2023-04-05,"January"
5.63604736526335,"Clover",2023-04-06,"January"
5.1172456101546,"Clover",2023-04-07,"January"
5.74018425536372,"Clover",2023-04-08,"January"
4.72658337000256,"Clover",2023-04-09,"January"
5.26534914234275,"Clover",2023-04-10,"January"
6.06451487902872,"Clover",2023-04-11,"January"
5.16577634995775,"Clover",2023-04-12,"January"
5.45254817309114,"Clover",2023-04-13,"January"
3.54421109434404,"Clover",2023-04-14,"January"
1.95539817115093,"Clover",2023-04-15,"January"
2.38781087388041,"Clover",2023-04-16,"January"
3.44751153303539,"Clover",2023-04-17,"January"
1.34416654450132,"Clover",2023-04-18,"January"
