"id","area","date"
"Briar",78.3237586303711,2022-10-29
"Briar",1.39219675292969,2022-10-30
"Briar",4.51078701171875,2022-10-31
"Briar",7.53355795898437,2022-11-01
"Briar",32.8399765991211,2022-11-02
"Briar",1.61501923828125,2022-11-03
"Briar",13.436225,2022-11-04
"Briar",9.86419981689453,2022-11-05
"Briar",15.4074114990234,2022-11-06
"Briar",8.52079061279297,2022-11-07
"Briar",15.7221154418945,2022-11-08
"Briar",0.535344580078125,2022-11-09
"Briar",11.1500538574219,2022-11-10
"Briar",22.7633358642578,2022-11-11
"Briar",5.98468973388672,2022-11-12
"Briar",11.3432243530273,2022-11-13
"Briar",7.78670344238281,2022-11-14
"Briar",7.43945675048828,2022-11-15
"Briar",7.51736020507813,2022-11-16
"Briar",5.46120317382812,2022-11-17
"Briar",9.4996578125,2022-11-18
"Briar",10.3616179077148,2022-11-19
"Briar",4.39324190673828,2022-11-20
"Briar",4.34340446777344,2022-11-21
"Briar",4.05017960205078,2022-11-22
"Briar",3.92671535644531,2022-11-23
"Briar",2.92428112792969,2022-11-24
"Briar",6.10467667236328,2022-11-25
"Briar",4.91940324707031,2022-11-26
"Briar",12.8510601928711,2022-11-27
"Briar",16.5156834594727,2022-11-28
"Briar",17.6493012207031,2022-11-29
"Briar",7.71199416503906,2022-11-30
"Briar",33.6459205566406,2022-12-01
"Briar",91.8641557250977,2022-12-02
"Briar",18.5744394775391,2022-12-03
"Briar",10.7292168457031,2022-12-04
"Briar",3.68730393066406,2022-12-05
"Briar",29.1582339599609,2022-12-06
"Briar",6.08070219726562,2022-12-07
"Briar",19.7284210571289,2022-12-08
"Briar",81.9842500244141,2022-12-09
"Briar",17.5021648803711,2022-12-10
"Briar",16.0665279296875,2022-12-11
"Briar",16.3781526611328,2022-12-12
"Briar",15.9879801635742,2022-12-13
"Briar",7.36261524658203,2022-12-14
"Briar",13.1155872802734,2022-12-15
"Briar",9.73760791015625,2022-12-16
"Briar",11.5561550415039,2022-12-17
"Briar",6.49687701416016,2022-12-18
"Briar",5.45194090576172,2022-12-19
"Briar",3.62519384765625,2022-12-20
"Briar",3.61242229003906,2022-12-21
"Briar",13.1329854614258,2022-12-22
"Briar",8.09947453613281,2022-12-23
"Briar",4.04984211425781,2022-12-24
"Briar",7.26736721191406,2022-12-25
"Briar",7.58618134765625,2022-12-26
"Briar",5.0921236328125,2022-12-27
"Briar",12.5283615844727,2022-12-28
"Briar",2.88844555664063,2022-12-29
"Briar",3.21851667480469,2022-12-30
"Briar",5.81062864990234,2022-12-31
"Briar",15.2769494750977,2023-01-01
"Briar",18.7802983154297,2023-01-02
"Briar",10.3656006835937,2023-01-03
"Briar",2.94258153076172,2023-01-04
"Briar",6.46162778320312,2023-01-05
"Briar",8.30782218017578,2023-01-06
"Briar",18.2866156738281,2023-01-07
"Briar",13.2135715209961,2023-01-08
"Briar",6.72062053222656,2023-01-09
"Briar",3.78245989990234,2023-01-10
"Briar",14.2700962768555,2023-01-11
"Briar",12.159752331543,2023-01-12
"Briar",17.0506944702148,2023-01-13
"Briar",21.2813853393555,2023-01-14
"Briar",12.0742571899414,2023-01-15
"Briar",11.8851068481445,2023-01-16
"Briar",29.4313407592773,2023-01-17
"Briar",24.805961706543,2023-01-18
"Briar",13.6323695068359,2023-01-19
"Briar",8.54919738769531,2023-01-20
"Briar",9.70035975341797,2023-01-21
"Briar",9.37288170166016,2023-01-22
"Briar",13.0200960571289,2023-01-23
"Briar",14.5141860839844,2023-01-24
"Briar",8.385241015625,2023-01-25
"Briar",7.83321408691406,2023-01-26
"Briar",9.75803425292969,2023-01-27
"Briar",15.0526165405273,2023-01-28
"Briar",5.02726848144531,2023-01-29
"Briar",22.5709004150391,2023-01-30
"Briar",14.590764831543,2023-01-31
"Briar",7.81956083984375,2023-02-01
"Briar",2.44514864501953,2023-02-02
"Briar",4.25225162353516,2023-02-03
"Briar",5.09137724609375,2023-02-04
"Briar",17.4004970947266,2023-02-05
"Briar",19.4574897460937,2023-02-06
"Briar",20.8557944946289,2023-02-07
"Briar",30.3041097167969,2023-02-08
"Briar",27.7172226806641,2023-02-09
"Briar",29.2265718505859,2023-02-10
"Briar",8.309041015625,2023-02-11
"Briar",21.7181999023437,2023-02-12
"Briar",12.7776295043945,2023-02-13
"Briar",19.2874131713867,2023-02-14
"Briar",23.1467015991211,2023-02-15
"Briar",22.6727595825195,2023-02-16
"Briar",23.9174372558594,2023-02-17
"Briar",20.5812945800781,2023-02-18
"Briar",21.706710949707,2023-02-19
"Briar",24.1718149291992,2023-02-20
"Briar",19.7410421630859,2023-02-21
"Briar",23.0393091308594,2023-02-22
"Briar",23.1957197998047,2023-02-23
"Briar",22.6620396728516,2023-02-24
"Briar",16.5616535522461,2023-02-25
"Briar",30.1825605102539,2023-02-26
"Briar",34.2442726318359,2023-02-27
"Briar",67.3834854736328,2023-02-28
"Briar",30.1324961181641,2023-03-01
"Briar",62.0729549438477,2023-03-02
"Briar",19.9598258911133,2023-03-03
"Briar",9.20354527587891,2023-03-04
"Briar",6.50780015869141,2023-03-05
"Briar",11.4089277099609,2023-03-06
"Briar",17.5786554931641,2023-03-07
"Briar",16.4640473022461,2023-03-08
"Briar",42.9938452148438,2023-03-09
"Briar",45.4584243530273,2023-03-10
"Nutmeg",92.0573081542969,2022-10-29
"Nutmeg",5.08585047607422,2022-10-30
"Nutmeg",4.17527985839844,2022-10-31
"Nutmeg",14.5851341674805,2022-11-01
"Nutmeg",10.3308519165039,2022-11-02
"Nutmeg",3.69184915771484,2022-11-03
"Nutmeg",6.70828293457031,2022-11-04
"Nutmeg",8.24701618652344,2022-11-05
"Nutmeg",4.45386292724609,2022-11-06
"Nutmeg",2.22503244628906,2022-11-07
"Nutmeg",1.95292839355469,2022-11-08
"Nutmeg",1.74184906005859,2022-11-09
"Nutmeg",5.41887589111328,2022-11-10
"Nutmeg",12.0272815673828,2022-11-11
"Nutmeg",4.54505958251953,2022-11-12
"Nutmeg",1.82845881347656,2022-11-13
"Nutmeg",1.76008950195313,2022-11-14
"Nutmeg",5.63697983398438,2022-11-15
"Nutmeg",3.07101657714844,2022-11-16
"Nutmeg",1.62923427734375,2022-11-17
"Nutmeg",1.46627852783203,2022-11-18
"Nutmeg",2.28856984863281,2022-11-19
"Nutmeg",2.55166066894531,2022-11-20
"Nutmeg",2.44555177001953,2022-11-21
"Nutmeg",1.7276587890625,2022-11-22
"Nutmeg",2.85073807373047,2022-11-23
"Nutmeg",2.08058443603516,2022-11-24
"Nutmeg",5.23577966308594,2022-11-25
"Nutmeg",2.69443314208984,2022-11-26
"Nutmeg",4.76952709960938,2022-11-27
"Nutmeg",6.57360942382812,2022-11-28
"Nutmeg",5.39922292480469,2022-11-29
"Nutmeg",6.0773994140625,2022-11-30
"Nutmeg",4.66694836425781,2022-12-01
"Nutmeg",8.3435771484375,2022-12-02
"Nutmeg",7.16041636962891,2022-12-03
"Nutmeg",6.33341832275391,2022-12-04
"Nutmeg",3.43529206542969,2022-12-05
"Nutmeg",15.1828923095703,2022-12-06
"Nutmeg",3.83884169921875,2022-12-07
"Nutmeg",6.10747141113281,2022-12-08
"Nutmeg",75.8147817382813,2022-12-09
"Nutmeg",14.7860751098633,2022-12-10
"Nutmeg",13.8570325195313,2022-12-11
"Nutmeg",10.6444908569336,2022-12-12
"Nutmeg",5.08693850097656,2022-12-13
"Nutmeg",12.89760703125,2022-12-14
"Nutmeg",11.5171831665039,2022-12-15
"Nutmeg",9.97841326904297,2022-12-16
"Nutmeg",1.67492021484375,2022-12-17
"Nutmeg",9.85094256591797,2022-12-18
"Nutmeg",6.00486490478516,2022-12-19
"Nutmeg",4.42131262207031,2022-12-20
"Nutmeg",7.20432059326172,2022-12-21
"Nutmeg",9.87121538085938,2022-12-22
"Nutmeg",5.34563763427734,2022-12-23
"Nutmeg",9.17377678222656,2022-12-24
"Nutmeg",10.6793484130859,2022-12-25
"Nutmeg",7.99434217529297,2022-12-26
"Nutmeg",2.2892412109375,2022-12-27
"Nutmeg",6.51508940429687,2022-12-28
"Nutmeg",5.14279901123047,2022-12-29
"Nutmeg",7.45864841308594,2022-12-30
"Nutmeg",7.90216705322266,2022-12-31
"Nutmeg",16.392684753418,2023-01-01
"Nutmeg",15.556890234375,2023-01-02
"Nutmeg",10.0712971801758,2023-01-03
"Nutmeg",5.35313397216797,2023-01-04
"Nutmeg",12.0028993164062,2023-01-05
"Nutmeg",19.8412730712891,2023-01-06
"Nutmeg",10.082069128418,2023-01-07
"Star",1.23016199951172,2022-10-29
"Star",49.9980055419922,2022-10-30
"Star",2.24706566162109,2022-10-31
"Star",1.53207075195312,2022-11-01
"Star",2.08826558837891,2022-11-02
"Star",2.70971741943359,2022-11-03
"Star",3.51006540527344,2022-11-04
"Star",2.27499388427734,2022-11-05
"Star",1.06321508789063,2022-11-06
"Star",1.18607923583984,2022-11-07
"Aurora",20.0400310302734,2022-10-29
"Aurora",22.7774614868164,2022-10-30
"Aurora",2.76587169189453,2022-10-31
"Aurora",5.28684156494141,2022-11-01
"Aurora",4.62671448974609,2022-11-02
"Aurora",8.15728275146484,2022-11-03
"Aurora",8.67631124267578,2022-11-04
"Aurora",7.52342889404297,2022-11-05
"Aurora",5.90378076171875,2022-11-06
"Aurora",15.3685827026367,2022-11-07
"Aurora",2.651199609375,2022-11-08
"Aurora",3.33173757324219,2022-11-09
"Aurora",2.77653188476563,2022-11-10
"Aurora",4.22614157714844,2022-11-11
"Aurora",6.75446690673828,2022-11-12
"Aurora",4.57024821777344,2022-11-13
"Aurora",5.7606005859375,2022-11-14
"Aurora",8.17092908935547,2022-11-15
"Aurora",3.55090670166016,2022-11-16
"Aurora",6.61109052734375,2022-11-17
"Aurora",5.29169703369141,2022-11-18
"Aurora",3.30229189453125,2022-11-19
"Aurora",7.98737150878906,2022-11-20
"Aurora",12.4252133422852,2022-11-21
"Aurora",3.54510323486328,2022-11-22
"Aurora",6.29390506591797,2022-11-23
"Aurora",2.32868122558594,2022-11-24
"Aurora",3.47109747314453,2022-11-25
"Aurora",1.56093933105469,2022-11-26
"Aurora",2.95307003173828,2022-11-27
"Aurora",1.46614840087891,2022-11-28
"Aurora",4.60881512451172,2022-11-29
"Aurora",3.174675390625,2022-11-30
"Aurora",3.62173311767578,2022-12-01
"Aurora",6.20634665527344,2022-12-02
"Aurora",4.45041162109375,2022-12-03
"Aurora",66.6024377807617,2022-12-04
"Aurora",33.6426118286133,2022-12-05
"Aurora",4.69156531982422,2022-12-06
"Aurora",4.63976961669922,2022-12-07
"Aurora",5.53476649169922,2022-12-08
"Aurora",15.2060286499023,2022-12-09
"Aurora",12.511284375,2022-12-10
"Aurora",12.5383502441406,2022-12-11
"Aurora",2.28734289550781,2022-12-12
"Aurora",2.93969938964844,2022-12-13
"Aurora",4.86982972412109,2022-12-14
"Aurora",2.68237924804688,2022-12-15
"Aurora",2.63546372070312,2022-12-16
"Aurora",2.85206553955078,2022-12-17
"Aurora",2.95748941650391,2022-12-18
"Aurora",32.3415681396484,2022-12-19
"Aurora",2.00578996582031,2022-12-20
"Aurora",5.69163087158203,2022-12-21
"Aurora",6.04954182128906,2022-12-22
"Aurora",3.98812602539062,2022-12-23
"Aurora",2.40884765625,2022-12-24
"Aurora",5.45269769287109,2022-12-25
"Aurora",5.38781185302734,2022-12-26
"Aurora",6.0719390625,2022-12-27
"Aurora",5.44692407226562,2022-12-28
"Aurora",1.78898273925781,2022-12-29
"Aurora",2.97111241455078,2022-12-30
"Aurora",4.86000394287109,2022-12-31
"Aurora",12.9612849975586,2023-01-01
"Aurora",16.1348397583008,2023-01-02
"Aurora",16.5551969482422,2023-01-03
"Aurora",8.31608155517578,2023-01-04
"Aurora",1.81726271972656,2023-01-05
"Aurora",3.3798626953125,2023-01-06
"Aurora",8.69407836914062,2023-01-07
"Aurora",16.8870971435547,2023-01-08
"Aurora",19.8135093017578,2023-01-09
"Aurora",7.09631553955078,2023-01-10
"Aurora",23.5956395507813,2023-01-11
"Aurora",52.7708631591797,2023-01-12
"Aurora",31.8510982177734,2023-01-13
"Aurora",49.4957374511719,2023-01-14
"Aurora",9.16086566162109,2023-01-15
"Aurora",10.7097988891602,2023-01-16
"Aurora",16.1386322998047,2023-01-17
"Aurora",121.506797729492,2023-01-18
"Aurora",7.04415739746094,2023-01-19
"Aurora",2.93774891357422,2023-01-20
"Aurora",4.838755078125,2023-01-21
"Aurora",4.12677379150391,2023-01-22
"Aurora",8.19653509521484,2023-01-23
"Aurora",5.74286519775391,2023-01-24
"Aurora",5.91574049072266,2023-01-25
"Aurora",4.20987336425781,2023-01-26
"Aurora",12.4088102294922,2023-01-27
"Aurora",10.4900393554688,2023-01-28
"Aurora",9.35711915283203,2023-01-29
"Aurora",5.77072353515625,2023-01-30
"Aurora",4.88434659423828,2023-01-31
"Aurora",2.83831267089844,2023-02-01
"Aurora",4.99990220947266,2023-02-02
"Aurora",2.37960852050781,2023-02-03
"Aurora",1.95014005126953,2023-02-04
"Aurora",43.4226255004883,2023-02-05
"Aurora",3.14178127441406,2023-02-06
"Aurora",3.59289802246094,2023-02-07
"Aurora",3.74268681640625,2023-02-08
"Aurora",45.5133789550781,2023-02-09
"Aurora",16.7959077392578,2023-02-10
"Aurora",5.87510598144531,2023-02-11
"Aurora",4.35054638671875,2023-02-12
"Aurora",3.59465725097656,2023-02-13
"Aurora",3.61118682861328,2023-02-14
"Aurora",14.6631695922852,2023-02-15
"Aurora",8.42676218261719,2023-02-16
"Aurora",13.5329152832031,2023-02-17
"Aurora",20.1609795288086,2023-02-18
"Aurora",83.6051837524414,2023-02-19
"Aurora",72.3736560424805,2023-02-20
"Aurora",4.70897834472656,2023-02-21
"Aurora",22.6408540405273,2023-02-22
"Aurora",94.8525809082031,2023-02-23
"Aurora",14.7631866699219,2023-02-24
"Aurora",8.82447495117188,2023-02-25
"Aurora",8.34578790283203,2023-02-26
"Aurora",77.9904391357422,2023-02-27
"Aurora",12.122687097168,2023-02-28
"Aurora",6.798759375,2023-03-01
"Aurora",9.17639957275391,2023-03-02
"Aurora",43.1386605102539,2023-03-03
"Aurora",13.6244619995117,2023-03-04
"Aurora",12.4517093139648,2023-03-05
"Aurora",12.5438057128906,2023-03-06
"Aurora",7.02594993896484,2023-03-07
"Aurora",9.75020799560547,2023-03-08
"Aurora",4.24232524414063,2023-03-09
"Aurora",56.5674431884766,2023-03-10
"Aurora",3.06759766845703,2022-10-25
"Aurora",1.45909412841797,2022-10-26
"Aurora",11.1395674316406,2022-10-27
"Aurora",14.6259049072266,2022-10-28
"Aurora",97.9754775756836,2023-03-11
"Aurora",21.9341437133789,2023-03-12
"Aurora",18.9916727905273,2023-03-13
"Aurora",23.6616289306641,2023-03-14
"Aurora",21.9627595092773,2023-03-15
"Aurora",10.3312852294922,2023-03-16
"Aurora",40.8696287597656,2023-03-17
"Aurora",12.3368061035156,2023-03-18
"Aurora",53.2926468261719,2023-03-19
"Aurora",37.7847307006836,2023-03-20
"Aurora",13.0851442504883,2023-03-21
"Aurora",26.9166125,2023-03-22
"Aurora",13.0907639038086,2023-03-23
"Aurora",11.2684774780273,2023-03-24
"Aurora",32.3602079589844,2023-03-25
"Aurora",24.8366013427734,2023-03-26
"Aurora",11.6519171264648,2023-03-27
"Aurora",14.139066784668,2023-03-28
"Aurora",10.443917175293,2023-03-29
"Aurora",12.4724409667969,2023-03-30
"Aurora",22.1250314941406,2023-03-31
"Aurora",11.9454801269531,2023-04-01
"Aurora",23.3669396118164,2023-04-02
"Aurora",19.3365381469727,2023-04-03
"Aurora",67.1636033691406,2023-04-04
"Aurora",38.0839169311523,2023-04-05
"Aurora",16.2909833374023,2023-04-06
"Aurora",19.72857578125,2023-04-07
"Aurora",26.1100125,2023-04-08
"Aurora",21.9912736206055,2023-04-09
"Aurora",62.5894054321289,2023-04-10
"Aurora",17.5985885375977,2023-04-11
"Aurora",32.7668220092773,2023-04-12
"Aurora",55.740982421875,2023-04-13
"Aurora",49.3028720336914,2023-04-14
"Aurora",16.6484756958008,2023-04-15
"Aurora",29.7289349365234,2023-04-16
"Aurora",44.2844231567383,2023-04-17
"Robin",3.82227082519531,2022-10-29
"Robin",3.34891008300781,2022-10-30
"Robin",7.48758616943359,2022-10-31
"Robin",10.7586259277344,2022-11-01
"Robin",8.93925767822266,2022-11-02
"Robin",3.75708778076172,2022-11-03
"Robin",3.65073625488281,2022-11-04
"Robin",12.1109395141602,2022-11-05
"Robin",9.19223037109375,2022-11-06
"Robin",24.7208739868164,2022-11-07
"Robin",40.9232338012695,2022-11-08
"Robin",2.47008937988281,2022-11-09
"Robin",4.4403115234375,2022-11-10
"Robin",20.5834921264648,2022-11-11
"Robin",2.57424279785156,2022-11-12
"Robin",6.35237745361328,2022-11-13
"Robin",1.45518154296875,2022-11-14
"Robin",1.89092122802734,2022-11-15
"Robin",1.91652022705078,2022-11-16
"Robin",1.71524639892578,2022-11-17
"Robin",1.70927581787109,2022-11-18
"Robin",1.50486960449219,2022-11-19
"Robin",3.22944410400391,2022-11-20
"Robin",8.15762412109375,2022-11-21
"Robin",10.1274108276367,2022-11-22
"Robin",5.26839952392578,2022-11-23
"Robin",1.49259851074219,2022-11-24
"Robin",1.98920172119141,2022-11-25
"Robin",3.64735314941406,2022-11-26
"Robin",9.46709552001953,2022-11-27
"Robin",14.0238862670898,2022-11-28
"Robin",5.67718848876953,2022-11-29
"Robin",3.16589116210938,2022-11-30
"Robin",1.19637694091797,2022-12-01
"Robin",5.18578179931641,2022-12-02
"Robin",4.23898411865234,2022-12-03
"Robin",20.5676471191406,2022-12-04
"Robin",4.40091281738281,2022-12-05
"Robin",3.91291768798828,2022-12-06
"Robin",2.93179346923828,2022-12-07
"Robin",3.72661041259766,2022-12-08
"Robin",10.2149318847656,2022-12-09
"Robin",13.7333993652344,2022-12-10
"Robin",11.5809198364258,2022-12-11
"Robin",7.74768013916016,2022-12-12
"Robin",5.99107407226562,2022-12-13
"Robin",10.2427905517578,2022-12-14
"Robin",12.0387637207031,2022-12-15
"Robin",11.4711560180664,2022-12-16
"Robin",13.2085472290039,2022-12-17
"Robin",10.1927807739258,2022-12-18
"Robin",4.09842807617188,2022-12-19
"Robin",5.44219083251953,2022-12-20
"Robin",9.23015815429688,2022-12-21
"Robin",7.46532491455078,2022-12-22
"Robin",7.76446483154297,2022-12-23
"Robin",4.98848997802734,2022-12-24
"Robin",5.86539288330078,2022-12-25
"Robin",8.76267135009766,2022-12-26
"Robin",3.87951944580078,2022-12-27
"Robin",5.01452131347656,2022-12-28
"Robin",7.09696033935547,2022-12-29
"Robin",3.50740556640625,2022-12-30
"Robin",9.25677014160156,2022-12-31
"Robin",14.7786198486328,2023-01-01
"Robin",13.5069058349609,2023-01-02
"Robin",9.06240510253906,2023-01-03
"Robin",7.59133143310547,2023-01-04
"Robin",6.38077307128906,2023-01-05
"Robin",12.9979108032227,2023-01-06
"Robin",9.63480915527344,2023-01-07
"Robin",15.6831900634766,2023-01-08
"Robin",4.90724621582031,2023-01-09
"Robin",7.53370069580078,2023-01-10
"Robin",6.01604985351563,2023-01-11
"Robin",9.13273571777344,2023-01-12
"Robin",4.85820017089844,2023-01-13
"Robin",10.5304541992188,2023-01-14
"Robin",9.00292628173828,2023-01-15
"Robin",4.191894921875,2023-01-16
"Robin",15.7331854858398,2023-01-17
"Robin",17.2121935668945,2023-01-18
"Robin",7.48120471191406,2023-01-19
"Robin",12.9225720825195,2023-01-20
"Robin",7.85327947998047,2023-01-21
"Robin",8.48362208251953,2023-01-22
"Robin",12.1185524902344,2023-01-23
"Robin",9.22196893310547,2023-01-24
"Robin",13.1730871582031,2023-01-25
"Robin",9.17188605957031,2023-01-26
"Robin",12.3023885986328,2023-01-27
"Robin",19.6834060058594,2023-01-28
"Robin",12.5651566040039,2023-01-29
"Robin",5.46374879150391,2023-01-30
"Robin",2.88224622802734,2023-01-31
"Robin",2.33703359375,2023-02-01
"Robin",2.21422442626953,2023-02-02
"Robin",7.89268210449219,2023-02-03
"Robin",1.30849230957031,2023-02-04
"Robin",3.89334812011719,2023-02-05
"Robin",1.66785897216797,2023-02-06
"Robin",4.27647396240234,2023-02-07
"Robin",3.24361572265625,2023-02-08
"Robin",3.3687755859375,2023-02-09
"Robin",9.19189468994141,2023-02-10
"Robin",6.38933111572266,2023-02-11
"Robin",3.16693748779297,2023-02-12
"Robin",1.55848332519531,2023-02-13
"Robin",2.16404007568359,2023-02-14
"Robin",3.83201617431641,2023-02-15
"Robin",9.50681373291016,2023-02-16
"Robin",4.86584534912109,2023-02-17
"Robin",5.4709111328125,2023-02-18
"Robin",7.45679619140625,2023-02-19
"Robin",6.12756031494141,2023-02-20
"Robin",3.72823748779297,2023-02-21
"Robin",5.58547407226563,2023-02-22
"Robin",2.9556564453125,2023-02-23
"Robin",5.80270493164063,2023-02-24
"Robin",7.32055946044922,2023-02-25
"Robin",6.05814356689453,2023-02-26
"Robin",10.5833291015625,2023-02-27
"Robin",21.6888398193359,2023-02-28
"Robin",3.17832105712891,2023-03-01
"Robin",12.8861662719727,2023-03-02
"Robin",20.7934776367188,2023-03-03
"Robin",5.92233166503906,2023-03-04
"Robin",9.30554207763672,2023-03-05
"Robin",5.90376174316406,2023-03-06
"Robin",2.51965,2023-03-07
"Robin",3.51107705078125,2023-03-08
"Robin",5.16715899658203,2023-03-09
"Robin",33.5030404052734,2023-03-10
"Robin",0.919906225585937,2022-10-25
"Robin",4.07326987304687,2022-10-26
"Robin",13.4592483886719,2022-10-27
"Robin",22.7152320678711,2022-10-28
"Robin",12.9762074462891,2023-03-11
"Robin",11.95638125,2023-03-12
"Robin",12.864933581543,2023-03-13
"Robin",19.4179988647461,2023-03-14
"Robin",12.9628635620117,2023-03-15
"Robin",15.2202960205078,2023-03-16
"Robin",12.5386255371094,2023-03-17
"Robin",15.6213831176758,2023-03-18
"Robin",38.6012142700195,2023-03-19
"Robin",34.475510559082,2023-03-20
"Robin",21.4585297363281,2023-03-21
"Robin",19.2939623779297,2023-03-22
"Robin",14.9976947387695,2023-03-23
"Robin",12.3873927856445,2023-03-24
"Robin",47.9176488037109,2023-03-25
"Robin",22.2952919311523,2023-03-26
"Robin",20.9741014160156,2023-03-27
"Robin",11.8880324462891,2023-03-28
"Robin",14.1701969604492,2023-03-29
"Robin",15.6116511108398,2023-03-30
"Robin",20.8764046630859,2023-03-31
"Robin",9.88578953857422,2023-04-01
"Robin",20.8959275756836,2023-04-02
"Robin",15.6102895263672,2023-04-03
"Robin",21.1090225708008,2023-04-04
"Robin",35.2465110839844,2023-04-05
"Robin",14.1611407226562,2023-04-06
"Robin",20.7965107421875,2023-04-07
"Robin",30.9491926635742,2023-04-08
"Robin",18.9659996582031,2023-04-09
"Robin",21.7438435913086,2023-04-10
"Robin",32.6690377441406,2023-04-11
"Robin",13.5689009643555,2023-04-12
"Robin",15.9271059204102,2023-04-13
"Robin",45.7696266357422,2023-04-14
"Robin",13.1532821777344,2023-04-15
"Robin",13.4853190917969,2023-04-16
"Robin",14.4791108520508,2023-04-17
"Iona",79.341559362793,2022-12-14
"Iona",21.4250364868164,2022-12-15
"Iona",2.25258184814453,2022-12-16
"Iona",1.2927966796875,2022-12-17
"Iona",0.766272705078125,2022-12-18
"Iona",1.00703363037109,2022-12-19
"Iona",1.36778061523437,2022-12-20
"Iona",1.10387347412109,2022-12-21
"Iona",1.06562058105469,2022-12-22
"Iona",2.18686577148438,2022-12-23
"Iona",1.068409765625,2022-12-24
"Iona",6.54330789794922,2022-12-25
"Iona",1.26030789794922,2022-12-26
"Iona",2.46080384521484,2022-12-27
"Iona",1.47736381835937,2022-12-28
"Iona",1.37530314941406,2022-12-29
"Iona",1.87301391601562,2022-12-30
"Iona",1.48608302001953,2022-12-31
"Iona",1.59496729736328,2023-01-01
"Iona",1.036293359375,2023-01-02
"Iona",4.33506278076172,2023-01-03
"Iona",2.2849474609375,2023-01-04
"Iona",2.14508677978516,2023-01-05
"Iona",1.16835364990234,2023-01-06
"Iona",7.18771007080078,2023-01-07
"Iona",6.27786799316406,2023-01-08
"Iona",7.718268359375,2023-01-09
"Iona",5.91104982910156,2023-01-10
"Iona",5.71827392578125,2023-01-11
"Iona",10.8446072509766,2023-01-12
"Iona",15.8385182006836,2023-01-13
"Iona",13.674547253418,2023-01-14
"Iona",10.7895453735352,2023-01-15
"Iona",7.6878984375,2023-01-16
"Iona",8.62924714355469,2023-01-17
"Iona",9.1205166015625,2023-01-18
"Iona",11.9098712158203,2023-01-19
"Iona",6.44395056152344,2023-01-20
"Iona",5.35655952148437,2023-01-21
"Iona",3.2013630859375,2023-01-22
"Iona",3.20909150390625,2023-01-23
"Iona",12.1276380126953,2023-01-24
"Iona",5.25657425537109,2023-01-25
"Iona",5.58077238769531,2023-01-26
"Iona",5.02207672119141,2023-01-27
"Iona",6.76213779296875,2023-01-28
"Iona",19.2809790039062,2023-01-29
"Iona",2.48842731933594,2023-01-30
"Iona",3.30756690673828,2023-01-31
"Iona",4.45513483886719,2023-02-01
"Iona",2.20739820556641,2023-02-02
"Iona",11.6927583007813,2023-02-03
"Iona",6.85832049560547,2023-02-04
"Iona",5.82763884277344,2023-02-05
"Iona",5.40403448486328,2023-02-06
"Iona",11.263378918457,2023-02-07
"Iona",8.51783139648438,2023-02-08
"Iona",9.72515981445313,2023-02-09
"Iona",6.65946741943359,2023-02-10
"Iona",47.4728012573242,2023-02-11
"Iona",18.6197508789062,2023-02-12
"Iona",14.2845989990234,2023-02-13
"Iona",11.0539080688477,2023-02-14
"Iona",10.0507576293945,2023-02-15
"Iona",34.2194697265625,2023-02-16
"Iona",22.5404794311523,2023-02-17
"Iona",12.7442329345703,2023-02-18
"Iona",8.71550264892578,2023-02-19
"Iona",8.3853943359375,2023-02-20
"Iona",6.97348597412109,2023-02-21
"Iona",4.62290642089844,2023-02-22
"Iona",20.6006810180664,2023-02-23
"Iona",26.9071543334961,2023-02-24
"Iona",9.77377213134766,2023-02-25
"Iona",13.2823404785156,2023-02-26
"Iona",12.6770919799805,2023-02-27
"Iona",6.33174039306641,2023-02-28
"Iona",16.0013831665039,2023-03-01
"Iona",39.4208007080078,2023-03-02
"Iona",23.7724636352539,2023-03-03
"Iona",23.7046752441406,2023-03-04
"Iona",79.4118521850586,2023-03-05
"Iona",28.5766974731445,2023-03-06
"Iona",5.33593168945313,2023-03-07
"Iona",14.7875486328125,2023-03-08
"Iona",24.413069128418,2023-03-09
"Iona",21.3564748901367,2023-03-10
"Iona",23.3672479736328,2023-03-11
"Iona",31.3787617919922,2023-03-12
"Iona",28.1539189575195,2023-03-13
"Iona",31.8676043701172,2023-03-14
"Iona",16.2820669433594,2023-03-15
"Iona",4.11522512207031,2023-03-16
"Iona",16.4833888793945,2023-03-17
"Iona",19.2149990478516,2023-03-18
"Iona",61.7058645385742,2023-03-19
"Iona",17.0251522827148,2023-03-20
"Iona",12.4245371459961,2023-03-21
"Iona",6.64431260986328,2023-03-22
"Iona",55.1118314453125,2023-03-23
"Iona",11.9576604980469,2023-03-24
"Iona",51.4468333984375,2023-03-25
"Iona",68.3083036499023,2023-03-26
"Iona",14.7023583374023,2023-03-27
"Iona",9.97774519042969,2023-03-28
"Iona",35.0379342895508,2023-03-29
"Iona",91.6154924194336,2023-03-30
"Iona",31.8652021606445,2023-03-31
"Iona",59.0761692871094,2023-04-01
"Iona",62.8547591064453,2023-04-02
"Iona",47.2087385375977,2023-04-03
"Iona",25.6938417358398,2023-04-04
"Iona",38.3760039428711,2023-04-05
"Iona",33.0343520629883,2023-04-06
"Iona",33.1901662353516,2023-04-07
"Iona",26.2383403320312,2023-04-08
"Iona",36.1056637939453,2023-04-09
"Iona",76.5365285400391,2023-04-10
"Iona",42.7829077270508,2023-04-11
"Iona",15.3126286254883,2023-04-12
"Iona",9.25634820556641,2023-04-13
"Iona",8.37388096923828,2023-04-14
"Iona",9.76682222900391,2023-04-15
"Iona",27.9147959228516,2023-04-16
"Iona",2.74587509765625,2023-04-17
"Sage",14.5773414672852,2022-12-14
"Sage",29.1870377929687,2022-12-15
"Sage",2.89381450195313,2022-12-16
"Sage",4.05221673583984,2022-12-17
"Sage",6.65144255371094,2022-12-18
"Sage",2.65762644042969,2022-12-19
"Sage",15.5141090454102,2022-12-20
"Sage",16.545495715332,2022-12-21
"Sage",14.8896283203125,2022-12-22
"Sage",20.8071391479492,2022-12-23
"Sage",3.61255601806641,2022-12-24
"Sage",11.015180456543,2022-12-25
"Sage",13.9467348754883,2022-12-26
"Sage",18.5104956298828,2022-12-27
"Sage",13.8614398681641,2022-12-28
"Sage",20.1306349365234,2022-12-29
"Sage",17.7125931396484,2022-12-30
"Sage",15.0995653686523,2022-12-31
"Sage",30.2359906494141,2023-01-01
"Sage",20.9988277832031,2023-01-02
"Sage",20.6045334594727,2023-01-03
"Sage",19.4740923583984,2023-01-04
"Sage",4.56438204345703,2023-01-05
"Sage",17.9348243530273,2023-01-06
"Sage",8.20629244384766,2023-01-07
"Sage",17.3766363525391,2023-01-08
"Sage",18.2380282592773,2023-01-09
"Sage",12.1135129150391,2023-01-10
"Sage",23.4022494750977,2023-01-11
"Sage",38.8184434692383,2023-01-12
"Sage",24.2717158203125,2023-01-13
"Sage",4.03991030273438,2023-01-14
"Sage",37.7879529296875,2023-01-15
"Sage",30.5950775146484,2023-01-16
"Sage",24.0648127929687,2023-01-17
"Sage",33.4418386352539,2023-01-18
"Sage",21.5292494873047,2023-01-19
"Sage",17.7619471435547,2023-01-20
"Sage",7.76013956298828,2023-01-21
"Sage",22.936196081543,2023-01-22
"Sage",35.5767555175781,2023-01-23
"Sage",20.8378344970703,2023-01-24
"Sage",14.2018175537109,2023-01-25
"Sage",16.1372795043945,2023-01-26
"Sage",16.7919103027344,2023-01-27
"Sage",29.1219256103516,2023-01-28
"Sage",23.2195465454102,2023-01-29
"Sage",26.3792138305664,2023-01-30
"Sage",18.8883098266602,2023-01-31
"Sage",21.6280742919922,2023-02-01
"Sage",25.261925,2023-02-02
"Sage",17.5277765136719,2023-02-03
"Sage",20.8789083374023,2023-02-04
"Sage",20.279057409668,2023-02-05
"Sage",23.4066150268555,2023-02-06
"Sage",56.1340985839844,2023-02-07
"Sage",30.5200926269531,2023-02-08
"Sage",50.7566063476563,2023-02-09
"Sage",49.8159770874023,2023-02-10
"Sage",8.24354793701172,2023-02-11
"Sage",27.0330398925781,2023-02-12
"Sage",29.587966796875,2023-02-13
"Sage",17.906546105957,2023-02-14
"Sage",11.3791115112305,2023-02-15
"Sage",54.6876834472656,2023-02-16
"Sage",37.0149051147461,2023-02-17
"Sage",36.8637896972656,2023-02-18
"Sage",56.3099356201172,2023-02-19
"Sage",59.6686252441406,2023-02-20
"Sage",60.6032429077148,2023-02-21
"Sage",55.2329299194336,2023-02-22
"Sage",49.6197437744141,2023-02-23
"Sage",44.6667714599609,2023-02-24
"Sage",58.8998880004883,2023-02-25
"Sage",5.0098310546875,2023-02-26
"Sage",7.62468560791016,2023-02-27
"Sage",8.00714104003906,2023-02-28
"Sage",7.9667904296875,2023-03-01
"Sage",7.5837310546875,2023-03-02
"Sage",17.5022314208984,2023-03-03
"Sage",48.4204302734375,2023-03-04
"Sage",40.6752661987305,2023-03-05
"Sage",8.90226575927734,2023-03-06
"Sage",8.74510816650391,2023-03-07
"Sage",5.24760416259766,2023-03-08
"Sage",14.1431755737305,2023-03-09
"Sage",10.7860548828125,2023-03-10
"Sage",6.77286916503906,2023-03-11
"Sage",11.1319715332031,2023-03-12
"Sage",9.24924426269531,2023-03-13
"Sage",12.2799261352539,2023-03-14
"Sage",9.69066044921875,2023-03-15
"Sage",16.0953616333008,2023-03-16
"Sage",23.0576060791016,2023-03-17
"Sage",22.7450841552734,2023-03-18
"Sage",56.8727376708984,2023-03-19
"Sage",75.6802168945313,2023-03-20
"Sage",9.06968051757812,2023-03-21
"Sage",22.8969198730469,2023-03-22
"Sage",14.1439249267578,2023-03-23
"Sage",8.49021016845703,2023-03-24
"Sage",35.8606729492188,2023-03-25
"Sage",10.8455649780273,2023-03-26
"Sage",24.3675264526367,2023-03-27
"Sage",71.1934557373047,2023-03-28
"Sage",55.6432770874023,2023-03-29
"Sage",32.5003712402344,2023-03-30
"Sage",23.8486758666992,2023-03-31
"Sage",9.02535678710938,2023-04-01
"Sage",6.95857802734375,2023-04-02
"Sage",29.7150968994141,2023-04-03
"Sage",43.8484264648437,2023-04-04
"Sage",25.7328985351562,2023-04-05
"Sage",139.219813354492,2023-04-06
"Sage",241.838781738281,2023-04-07
"Sage",69.5859759277344,2023-04-08
"Sage",124.01464296875,2023-04-09
"Sage",88.9077867431641,2023-04-10
"Sage",47.6307206787109,2023-04-11
"Sage",114.013313720703,2023-04-12
"Sage",9.25958721923828,2023-04-13
"Sage",8.62378978271484,2023-04-14
"Sage",9.41802604980469,2023-04-15
"Sage",9.43093258056641,2023-04-16
"Sage",7.15332410888672,2023-04-17
"Koda",41.0732602050781,2022-12-14
"Koda",1.74834373779297,2022-12-15
"Koda",1.55933901367187,2022-12-16
"Koda",1.46540375976563,2022-12-17
"Koda",1.08365178222656,2022-12-18
"Koda",2.41207244873047,2022-12-19
"Koda",1.06060394287109,2022-12-20
"Koda",4.35233011474609,2022-12-21
"Koda",6.78979351806641,2022-12-22
"Koda",11.0016135986328,2022-12-23
"Koda",4.90002725830078,2022-12-24
"Koda",5.35391351318359,2022-12-25
"Koda",3.28033167724609,2022-12-26
"Koda",5.79311883544922,2022-12-27
"Koda",15.3235254394531,2022-12-28
"Koda",12.5561075683594,2022-12-29
"Koda",6.47048134765625,2022-12-30
"Koda",10.1434812988281,2022-12-31
"Koda",13.8438270996094,2023-01-01
"Koda",8.39068193359375,2023-01-02
"Koda",14.1196871582031,2023-01-03
"Koda",4.10549908447266,2023-01-04
"Koda",6.47654093017578,2023-01-05
"Koda",4.37662789306641,2023-01-06
"Koda",2.06721444091797,2023-01-07
"Koda",2.15445128173828,2023-01-08
"Koda",2.18246040039062,2023-01-09
"Koda",3.3556060546875,2023-01-10
"Koda",6.33022407226562,2023-01-11
"Koda",4.73985780029297,2023-01-12
"Koda",6.56797127685547,2023-01-13
"Koda",8.49149959716797,2023-01-14
"Koda",11.2353901611328,2023-01-15
"Koda",7.6906384765625,2023-01-16
"Koda",11.6591173950195,2023-01-17
"Koda",11.8042494140625,2023-01-18
"Koda",13.4456427001953,2023-01-19
"Koda",6.63937670898437,2023-01-20
"Koda",4.31469174804687,2023-01-21
"Koda",5.99841373291016,2023-01-22
"Koda",3.57438951416016,2023-01-23
"Koda",9.05291102294922,2023-01-24
"Koda",5.19636171875,2023-01-25
"Koda",7.14014730224609,2023-01-26
"Koda",4.90202474365234,2023-01-27
"Koda",9.00369761962891,2023-01-28
"Koda",18.3954136352539,2023-01-29
"Koda",5.9986970703125,2023-01-30
"Koda",5.27378243408203,2023-01-31
"Koda",4.02933940429688,2023-02-01
"Koda",6.67303989257813,2023-02-02
"Koda",7.58964404296875,2023-02-03
"Koda",4.98985708007813,2023-02-04
"Koda",8.89560593261719,2023-02-05
"Koda",6.56979263916016,2023-02-06
"Koda",8.55203046875,2023-02-07
"Koda",4.83014365234375,2023-02-08
"Koda",5.77936170654297,2023-02-09
"Koda",8.57841226806641,2023-02-10
"Koda",4.91886528320313,2023-02-11
"Koda",10.3323264648437,2023-02-12
"Koda",4.39714028320313,2023-02-13
"Koda",5.62670927734375,2023-02-14
"Koda",5.17940458984375,2023-02-15
"Koda",14.3504509155273,2023-02-16
"Koda",29.9138748657227,2023-02-17
"Koda",8.24857991943359,2023-02-18
"Koda",6.81584343261719,2023-02-19
"Koda",9.86452496337891,2023-02-20
"Koda",13.9435828979492,2023-02-21
"Koda",24.04731328125,2023-02-22
"Koda",28.8152666625977,2023-02-23
"Koda",18.3708474121094,2023-02-24
"Koda",53.9020351318359,2023-02-25
"Koda",12.1283420776367,2023-02-26
"Koda",39.0909618774414,2023-02-27
"Koda",27.9678170654297,2023-02-28
"Koda",41.2072568237305,2023-03-01
"Koda",66.3977405761719,2023-03-02
"Koda",7.11000406494141,2023-03-03
"Koda",48.9615797729492,2023-03-04
"Koda",44.5074534179687,2023-03-05
"Koda",27.7627205200195,2023-03-06
"Koda",9.96203416748047,2023-03-07
"Koda",18.0260719482422,2023-03-08
"Koda",21.4920447998047,2023-03-09
"Koda",46.0381459472656,2023-03-10
"Koda",39.0521286132812,2023-03-11
"Koda",30.6349078735352,2023-03-12
"Koda",39.1352198974609,2023-03-13
"Koda",46.499046496582,2023-03-14
"Koda",45.4584879394531,2023-03-15
"Koda",19.1679439331055,2023-03-16
"Koda",49.3641865722656,2023-03-17
"Koda",47.7254299194336,2023-03-18
"Koda",27.1833365478516,2023-03-19
"Koda",23.5734900390625,2023-03-20
"Koda",22.7469517578125,2023-03-21
"Koda",56.5849815917969,2023-03-22
"Koda",28.5015981567383,2023-03-23
"Koda",61.9351510986328,2023-03-24
"Koda",70.1383343505859,2023-03-25
"Koda",60.1548341918945,2023-03-26
"Koda",34.4853879394531,2023-03-27
"Koda",62.7539553222656,2023-03-28
"Koda",51.8992397216797,2023-03-29
"Koda",21.6533298339844,2023-03-30
"Koda",19.7525892578125,2023-03-31
"Koda",66.6927545898437,2023-04-01
"Koda",73.7702762451172,2023-04-02
"Koda",33.7442101806641,2023-04-03
"Koda",47.1785057495117,2023-04-04
"Koda",31.2084054931641,2023-04-05
"Koda",137.743207409668,2023-04-06
"Koda",104.489667077637,2023-04-07
"Koda",16.5603956665039,2023-04-08
"Koda",42.0568798706055,2023-04-09
"Koda",48.4551538085937,2023-04-10
"Koda",28.5906199707031,2023-04-11
"Koda",32.2042536376953,2023-04-12
"Koda",18.4588548339844,2023-04-13
"Koda",8.01927722167969,2023-04-14
"Koda",14.1663217285156,2023-04-15
"Koda",35.231342199707,2023-04-16
"Koda",18.2876239746094,2023-04-17
"Brook",26.0086577636719,2023-01-17
"Brook",2.79409306640625,2023-01-18
"Brook",1.04866995849609,2023-01-19
"Brook",7.17394464111328,2023-01-20
"Brook",1.42630284423828,2023-01-21
"Brook",3.43139677734375,2023-01-22
"Brook",0.377899829101563,2023-01-23
"Brook",6.88263101806641,2023-01-24
"Brook",1.93235424804687,2023-01-25
"Brook",3.71085363769531,2023-01-26
"Brook",3.62453360595703,2023-01-27
"Brook",3.08132823486328,2023-01-28
"Brook",3.46664888916016,2023-01-29
"Brook",6.35555255126953,2023-01-30
"Brook",4.06500783691406,2023-01-31
"Brook",1.75964840087891,2023-02-01
"Brook",5.62774387207031,2023-02-02
"Brook",1.96314887695312,2023-02-03
"Brook",2.0145033203125,2023-02-04
"Brook",3.26899353027344,2023-02-05
"Brook",7.77705180664062,2023-02-06
"Brook",3.23503919677734,2023-02-07
"Brook",6.52200356445312,2023-02-08
"Brook",6.82115399169922,2023-02-09
"Brook",4.70977575683594,2023-02-10
"Brook",3.20462562255859,2023-02-11
"Brook",4.04792261962891,2023-02-12
"Brook",5.26868344726562,2023-02-13
"Brook",2.93447956542969,2023-02-14
"Brook",2.96233590087891,2023-02-15
"Brook",4.17964555664062,2023-02-16
"Brook",6.18465737304687,2023-02-17
"Brook",11.2589325073242,2023-02-18
"Brook",6.03561795654297,2023-02-19
"Brook",5.11616999511719,2023-02-20
"Brook",5.90329284667969,2023-02-21
"Brook",5.06074409179687,2023-02-22
"Brook",5.65831475830078,2023-02-23
"Brook",8.13154078369141,2023-02-24
"Brook",8.24880629882812,2023-02-25
"Brook",7.929314453125,2023-02-26
"Brook",11.6368442504883,2023-02-27
"Brook",10.2253442993164,2023-02-28
"Brook",3.87000220947266,2023-03-01
"Brook",5.49203123779297,2023-03-02
"Brook",6.29510563964844,2023-03-03
"Brook",9.06999672851562,2023-03-04
"Brook",7.78909444580078,2023-03-05
"Brook",6.70114118652344,2023-03-06
"Brook",11.3640478027344,2023-03-07
"Brook",6.54487116699219,2023-03-08
"Brook",10.5149330322266,2023-03-09
"Brook",8.65056715087891,2023-03-10
"Brook",9.99208757324219,2023-03-11
"Brook",7.99236892089844,2023-03-12
"Brook",12.4625976318359,2023-03-13
"Brook",12.7908136108398,2023-03-14
"Brook",16.646383190918,2023-03-15
"Brook",7.6505724609375,2023-03-16
"Brook",17.9623915649414,2023-03-17
"Brook",13.8903073242187,2023-03-18
"Brook",32.9863869384766,2023-03-19
"Brook",7.13950528564453,2023-03-20
"Brook",8.86861987304687,2023-03-21
"Brook",3.09598386230469,2023-03-22
"Brook",9.77580043945312,2023-03-23
"Brook",3.19244157714844,2023-03-24
"Brook",6.39139229736328,2023-03-25
"Brook",12.9033998046875,2023-03-26
"Brook",13.9463577270508,2023-03-27
"Brook",10.882044909668,2023-03-28
"Brook",2.86308968505859,2023-03-29
"Brook",3.99839703369141,2023-03-30
"Brook",7.88756131591797,2023-03-31
"Brook",5.50945798339844,2023-04-01
"Brook",4.94491677246094,2023-04-02
"Brook",16.2988103027344,2023-04-03
"Brook",6.05191805419922,2023-04-04
"Brook",8.70426359863281,2023-04-05
"Brook",35.5469221191406,2023-04-06
"Brook",30.5383446533203,2023-04-07
"Brook",30.5628609863281,2023-04-08
"Brook",14.2726282226562,2023-04-09
"Brook",36.2328335449219,2023-04-10
"Brook",28.8732613769531,2023-04-11
"Brook",27.5301733398437,2023-04-12
"Brook",28.5618590087891,2023-04-13
"Brook",30.5766139282227,2023-04-14
"Brook",22.1727788452148,2023-04-15
"Brook",16.9618638916016,2023-04-16
"Brook",26.9610202636719,2023-04-17
"Clover",1.44335422363281,2023-01-17
"Clover",22.3115152954102,2023-01-19
"Clover",22.144617175293,2023-01-20
"Clover",0.863350378417969,2023-01-21
"Clover",7.37348109130859,2023-01-22
"Clover",5.27101350097656,2023-01-23
"Clover",2.33356806640625,2023-01-24
"Clover",2.92058186035156,2023-01-25
"Clover",0.905575805664062,2023-01-26
"Clover",1.01493986816406,2023-01-27
"Clover",1.51178818359375,2023-01-28
"Clover",2.98037666015625,2023-01-29
"Clover",2.22780686035156,2023-01-30
"Clover",2.69160620117187,2023-01-31
"Clover",3.67439653320312,2023-02-01
"Clover",1.64599045410156,2023-02-02
"Clover",2.92347316894531,2023-02-03
"Clover",3.56431485595703,2023-02-04
"Clover",2.89669354248047,2023-02-05
"Clover",4.54968536376953,2023-02-06
"Clover",5.98703994140625,2023-02-07
"Clover",12.470382800293,2023-02-08
"Clover",6.13002130126953,2023-02-09
"Clover",3.918091796875,2023-02-10
"Clover",2.52625018310547,2023-02-11
"Clover",2.37209392089844,2023-02-12
"Clover",3.86117808837891,2023-02-13
"Clover",3.1981328125,2023-02-14
"Clover",3.23088856201172,2023-02-15
"Clover",2.94030405273437,2023-02-16
"Clover",12.1642287353516,2023-02-17
"Clover",3.73707908935547,2023-02-18
"Clover",10.7386750732422,2023-02-19
"Clover",4.39296262207031,2023-02-20
"Clover",4.23215709228516,2023-02-21
"Clover",5.84522718505859,2023-02-22
"Clover",7.69688771972656,2023-02-23
"Clover",77.8839990844727,2023-02-24
"Clover",1.99237940673828,2023-02-25
"Clover",20.4319012573242,2023-02-26
"Clover",16.8383448120117,2023-02-27
"Clover",5.62703768310547,2023-02-28
"Clover",2.00918321533203,2023-03-01
"Clover",5.31341768798828,2023-03-02
"Clover",9.25599442138672,2023-03-03
"Clover",6.98756485595703,2023-03-04
"Clover",13.0019598999023,2023-03-05
"Clover",10.0828614501953,2023-03-06
"Clover",15.8031504638672,2023-03-07
"Clover",21.1155656616211,2023-03-08
"Clover",25.4627994262695,2023-03-09
"Clover",21.4880298828125,2023-03-10
"Clover",26.3477485107422,2023-03-11
"Clover",18.9548564086914,2023-03-12
"Clover",23.6401879638672,2023-03-13
"Clover",22.7638981445313,2023-03-14
"Clover",21.0378119628906,2023-03-15
"Clover",9.91614007568359,2023-03-16
"Clover",29.1955681274414,2023-03-17
"Clover",30.6707563476563,2023-03-18
"Clover",4.52143989257813,2023-03-19
"Clover",27.6156472045898,2023-03-20
"Clover",14.8849249511719,2023-03-21
"Clover",11.5692142822266,2023-03-22
"Clover",43.2773893798828,2023-03-23
"Clover",20.721287902832,2023-03-24
"Clover",35.7134301025391,2023-03-25
"Clover",33.4849245483398,2023-03-26
"Clover",52.9453278442383,2023-03-27
"Clover",11.2891777099609,2023-03-28
"Clover",32.0794756713867,2023-03-29
"Clover",64.1568499511719,2023-03-30
"Clover",18.1351732910156,2023-03-31
"Clover",54.5198651733398,2023-04-01
"Clover",6.50690772705078,2023-04-02
"Clover",24.3228851074219,2023-04-03
"Clover",73.8780292358398,2023-04-04
"Clover",99.5069815063477,2023-04-05
"Clover",31.4143468139648,2023-04-06
"Clover",34.3531358642578,2023-04-07
"Clover",17.3266047607422,2023-04-08
"Clover",72.4867543823242,2023-04-09
"Clover",34.1039000976563,2023-04-10
"Clover",22.4432834594727,2023-04-11
"Clover",23.4807525512695,2023-04-12
"Clover",10.215647277832,2023-04-13
"Clover",9.05644698486328,2023-04-14
"Clover",14.9489182495117,2023-04-15
"Clover",9.43968026123047,2023-04-16
"Clover",8.55138103027344,2023-04-17
"Wobbles",0.131625207519531,2023-01-17
"Wobbles",62.1311083984375,2023-01-19
"Wobbles",17.143531262207,2023-01-20
"Wobbles",41.6503949462891,2023-01-21
"Wobbles",4.63472775878906,2023-01-22
"Wobbles",10.5953795654297,2023-01-23
"Wobbles",2.61821448974609,2023-01-24
"Prem",14.7453037719727,2023-01-13
"Prem",42.9983123535156,2023-01-14
"Prem",8.91022534179688,2023-01-15
"Prem",4.25595219726562,2023-01-16
"Prem",30.341411315918,2023-01-17
"Prem",8.44279897460937,2023-01-18
"Prem",13.252441015625,2023-01-19
"Prem",18.4068118286133,2023-01-20
"Prem",15.6953404296875,2023-01-21
"Prem",6.73260764160156,2023-01-22
"Prem",6.13489680175781,2023-01-23
"Prem",9.85468518066406,2023-01-24
"Prem",10.6641817382813,2023-01-25
"Prem",5.30655339355469,2023-01-26
"Prem",8.38869945068359,2023-01-27
"Prem",12.1643333740234,2023-01-28
"Prem",7.16646185302734,2023-01-29
"Prem",5.45741182861328,2023-01-30
"Prem",4.77201873779297,2023-01-31
"Prem",6.94698453369141,2023-02-01
"Prem",20.806226953125,2023-02-02
"Prem",36.5096215209961,2023-02-03
"Prem",8.50756441650391,2023-02-04
"Prem",34.3048508789063,2023-02-05
"Prem",25.8584505371094,2023-02-06
"Prem",41.2118538574219,2023-02-07
"Prem",29.6136819946289,2023-02-08
"Prem",52.8242596435547,2023-02-09
"Prem",55.0888177734375,2023-02-10
"Prem",26.7437233520508,2023-02-11
"Prem",38.5033554077148,2023-02-12
"Prem",42.9789617431641,2023-02-13
"Prem",47.6443196899414,2023-02-14
"Prem",12.7041739624023,2023-02-15
"Prem",68.6155224365234,2023-02-16
"Prem",63.7425943115234,2023-02-17
"Prem",63.3350956054688,2023-02-18
"Prem",120.330440808105,2023-02-19
"Prem",67.1176732421875,2023-02-20
"Prem",5.23354624023438,2023-02-21
"Prem",5.91446850585938,2023-02-22
"Prem",9.73448979492188,2023-02-23
"Prem",53.4863539794922,2023-02-24
"Prem",6.46630316162109,2023-02-25
"Prem",11.3169604736328,2023-02-26
"Prem",8.17035328369141,2023-02-27
"Prem",13.106285144043,2023-02-28
"Prem",10.8076871459961,2023-03-01
"Prem",8.87614477539062,2023-03-02
"Prem",9.95125498046875,2023-03-03
"Prem",50.5236063842773,2023-03-04
"Prem",44.7674958984375,2023-03-05
"Prem",8.30042663574219,2023-03-06
"Prem",14.9504295898438,2023-03-07
"Prem",35.4681091796875,2023-03-08
"Prem",13.1323732421875,2023-03-09
"Prem",75.7584724853516,2023-03-10
"Prem",51.0864262329102,2023-03-11
"Prem",102.385784155273,2023-03-12
"Rove",36.6569772216797,2023-01-13
"Rove",19.8741002929687,2023-01-14
"Rove",14.4150093994141,2023-01-15
"Rove",13.563089855957,2023-01-16
"Rove",9.10734213867187,2023-01-17
"Rove",9.72722203369141,2023-01-18
"Rove",13.862012109375,2023-01-19
"Rove",8.24871871337891,2023-01-20
"Rove",7.192253125,2023-01-21
"Rove",2.96804520263672,2023-01-22
"Rove",4.53643029785156,2023-01-23
"Rove",12.517643371582,2023-01-24
"Rove",6.62526258544922,2023-01-25
"Rove",3.88318940429687,2023-01-26
"Rove",4.33393356933594,2023-01-27
"Rove",8.3980955078125,2023-01-28
"Rove",18.7813505004883,2023-01-29
"Rove",3.14364914550781,2023-01-30
"Rove",3.89668665771484,2023-01-31
"Rove",4.13059112548828,2023-02-01
"Rove",2.1488658203125,2023-02-02
"Rove",7.44067392578125,2023-02-03
"Rove",6.50974995117187,2023-02-04
"Rove",6.03348687744141,2023-02-05
"Rove",6.39710753173828,2023-02-06
"Rove",9.63709935302734,2023-02-07
"Rove",10.9707948120117,2023-02-08
"Rove",10.1010368530273,2023-02-09
"Rove",6.42037987060547,2023-02-10
"Rove",61.1138302978516,2023-02-11
"Rove",18.9572697753906,2023-02-12
"Rove",14.1237469848633,2023-02-13
"Rove",12.3149707763672,2023-02-14
"Rove",11.6996737548828,2023-02-15
"Rove",35.0918848388672,2023-02-16
"Rove",20.3250307373047,2023-02-17
"Rove",12.659646875,2023-02-18
"Rove",13.037613659668,2023-02-19
"Rove",14.3467230102539,2023-02-20
"Rove",12.887518359375,2023-02-21
"Rove",21.2508144775391,2023-02-22
"Rove",21.0597719238281,2023-02-23
"Rove",26.4270097900391,2023-02-24
"Rove",14.6348329711914,2023-02-25
"Rove",8.20611330566406,2023-02-26
"Rove",48.6987503173828,2023-02-27
"Rove",13.4085242431641,2023-02-28
"Rove",17.6152224609375,2023-03-01
"Rove",80.2334984619141,2023-03-02
"Rove",26.070948828125,2023-03-03
"Rove",83.1455039306641,2023-03-04
"Rove",55.6830013427734,2023-03-05
"Rove",51.5953575683594,2023-03-06
"Rove",42.3922706665039,2023-03-07
"Rove",25.392035546875,2023-03-08
"Rove",54.8330108520508,2023-03-09
"Rove",26.9656327636719,2023-03-10
"Rove",47.299118737793,2023-03-11
"Rove",64.0663422241211,2023-03-12
"Rove",28.3223756713867,2023-03-13
"Rove",128.878343408203,2023-03-14
"Rove",0.236091711425781,2023-03-15
"Valentine",24.3509754394531,2023-01-13
"Valentine",1.58133841552734,2023-01-14
"Valentine",5.96823377685547,2023-01-15
"Valentine",60.5162045654297,2023-01-16
"Valentine",22.5085356567383,2023-01-17
"Valentine",8.04678942871094,2023-01-18
"Valentine",14.5260977416992,2023-01-19
"Valentine",11.6259260620117,2023-01-20
"Valentine",16.4361143066406,2023-01-21
"Valentine",12.760317199707,2023-01-22
"Valentine",4.90692703857422,2023-01-23
"Valentine",4.22748150634766,2023-01-24
"Valentine",4.89005822753906,2023-01-25
"Valentine",5.71702476806641,2023-01-26
"Valentine",3.24752875976563,2023-01-27
"Valentine",3.61100257568359,2023-01-28
"Valentine",4.6125041015625,2023-01-29
"Valentine",4.23687183837891,2023-01-30
"Valentine",3.41689168701172,2023-01-31
"Valentine",2.64246926269531,2023-02-01
"Valentine",3.49155723876953,2023-02-02
"Valentine",2.40211004638672,2023-02-03
"Valentine",2.80331452636719,2023-02-04
"Valentine",9.12087535400391,2023-02-05
"Valentine",1.87647955322266,2023-02-06
"Valentine",3.02736734619141,2023-02-07
"Valentine",4.42430439453125,2023-02-08
"Valentine",5.88852996826172,2023-02-09
"Valentine",4.51356735839844,2023-02-10
"Valentine",6.56157473144531,2023-02-11
"Valentine",5.98684273681641,2023-02-12
"Valentine",4.53293634033203,2023-02-13
"Valentine",3.34512408447266,2023-02-14
"Valentine",14.8971397705078,2023-02-15
"Valentine",6.02269044189453,2023-02-16
"Valentine",8.02413781738281,2023-02-17
"Valentine",5.96302496337891,2023-02-18
"Valentine",5.42015593261719,2023-02-19
"Valentine",3.33997557373047,2023-02-20
"Valentine",6.59843955078125,2023-02-21
"Valentine",5.92656384277344,2023-02-22
"Valentine",13.4437525512695,2023-02-23
"Valentine",26.6545204833984,2023-02-24
"Valentine",7.38795971679687,2023-02-25
"Valentine",6.9944150390625,2023-02-26
"Valentine",7.71211936035156,2023-02-27
"Valentine",9.60098829345703,2023-02-28
"Valentine",8.67572648925781,2023-03-01
"Valentine",15.0164327514648,2023-03-02
"Valentine",19.1075232543945,2023-03-03
"Valentine",38.1996450073242,2023-03-04
"Valentine",28.4309685913086,2023-03-05
"Valentine",33.0724629760742,2023-03-06
"Valentine",16.6858044189453,2023-03-07
"Valentine",5.97603829345703,2023-03-08
"Valentine",8.74574337158203,2023-03-09
"Valentine",40.6332278686523,2023-03-10
"Valentine",9.24559827880859,2023-03-11
"Valentine",3.25830495605469,2023-03-12
"Valentine",25.2640854370117,2023-03-13
"Valentine",19.2013345092773,2023-03-14
"Valentine",17.2752185302734,2023-03-15
"Valentine",12.5498657714844,2023-03-16
"Valentine",10.0744681762695,2023-03-17
"Valentine",9.48467799072266,2023-03-18
"Valentine",25.7609560791016,2023-03-19
"Valentine",24.5868623901367,2023-03-20
"Valentine",25.0489448608398,2023-03-21
"Valentine",26.6217481811523,2023-03-22
"Valentine",10.1159593383789,2023-03-23
"Valentine",8.84848479003906,2023-03-24
"Valentine",9.93862984619141,2023-03-25
"Valentine",18.2470668457031,2023-03-26
"Valentine",14.8140231811523,2023-03-27
"Valentine",10.9483963256836,2023-03-28
"Valentine",6.78341066894531,2023-03-29
"Valentine",12.9161476928711,2023-03-30
"Valentine",10.796787097168,2023-03-31
"Valentine",10.3180825317383,2023-04-01
"Valentine",34.1423774536133,2023-04-02
"Valentine",37.3570229003906,2023-04-03
"Valentine",24.7851302856445,2023-04-04
"Valentine",28.8493448120117,2023-04-05
"Valentine",19.8430014770508,2023-04-06
"Valentine",37.0302640625,2023-04-07
"Valentine",25.5474905639648,2023-04-08
"Valentine",41.4181022583008,2023-04-09
"Valentine",59.1869039550781,2023-04-10
"Valentine",40.1379113769531,2023-04-11
"Valentine",21.6119601928711,2023-04-12
"Valentine",9.93199470214844,2023-04-13
"Valentine",9.19266292724609,2023-04-14
"Valentine",9.61148968505859,2023-04-15
"Valentine",8.23612840576172,2023-04-16
"Valentine",8.98783444824219,2023-04-17
"Marmalade",19.918546875,2023-01-13
"Marmalade",88.949464453125,2023-01-14
"Marmalade",2.96038872070313,2023-01-15
"Marmalade",0.460806286621094,2023-01-16
"Marmalade",0.40393837890625,2023-01-17
"Marmalade",40.3130562133789,2023-01-18
"Marmalade",34.090658984375,2023-01-19
"Marmalade",14.7104125244141,2023-01-20
"Marmalade",0.704758459472656,2023-01-21
"Marmalade",3.09545661621094,2023-01-22
"Marmalade",4.17678176269531,2023-01-23
"Marmalade",3.75107135009766,2023-01-24
"Marmalade",3.16132536621094,2023-01-25
"Marmalade",0.984771484375,2023-01-26
"Marmalade",1.35091929931641,2023-01-27
"Marmalade",1.20399528808594,2023-01-28
"Marmalade",2.61367142333984,2023-01-29
"Marmalade",1.79820827636719,2023-01-30
"Marmalade",2.840733203125,2023-01-31
"Marmalade",3.84830954589844,2023-02-01
"Marmalade",1.82190637207031,2023-02-02
"Marmalade",1.41806232910156,2023-02-03
"Marmalade",2.7354248046875,2023-02-04
"Marmalade",2.53775355224609,2023-02-05
"Marmalade",9.25075629882813,2023-02-06
"Marmalade",6.83978341064453,2023-02-07
"Marmalade",9.22574620361328,2023-02-08
"Marmalade",4.12771193847656,2023-02-09
"Marmalade",4.39873726806641,2023-02-10
"Marmalade",2.74497824707031,2023-02-11
"Marmalade",2.37312060546875,2023-02-12
"Marmalade",2.98927045898437,2023-02-13
"Marmalade",2.28906865234375,2023-02-14
"Marmalade",2.76849476318359,2023-02-15
"Marmalade",5.21446223144531,2023-02-16
"Marmalade",11.572910534668,2023-02-17
"Marmalade",23.2390406005859,2023-02-18
"Marmalade",11.1321698242187,2023-02-19
"Marmalade",20.958804296875,2023-02-20
"Marmalade",4.38782926025391,2023-02-21
"Marmalade",4.60517136230469,2023-02-22
"Marmalade",7.80478933105469,2023-02-23
"Marmalade",49.7965441894531,2023-02-24
"Marmalade",2.62629141845703,2023-02-25
"Marmalade",9.53232719726562,2023-02-26
"Marmalade",7.62344122314453,2023-02-27
"Marmalade",7.67348057861328,2023-02-28
"Marmalade",4.53782396240234,2023-03-01
"Marmalade",6.43368753662109,2023-03-02
"Marmalade",7.51635704345703,2023-03-03
"Marmalade",8.25406793212891,2023-03-04
"Marmalade",12.6402333618164,2023-03-05
"Marmalade",20.4069185668945,2023-03-06
"Marmalade",16.0774059936523,2023-03-07
"Marmalade",12.9777951660156,2023-03-08
"Marmalade",17.2826917602539,2023-03-09
"Marmalade",16.5463935302734,2023-03-10
"Marmalade",12.2366469848633,2023-03-11
"Marmalade",16.4940996459961,2023-03-12
"Marmalade",17.1707751220703,2023-03-13
"Marmalade",21.966378137207,2023-03-14
"Marmalade",20.5236016601562,2023-03-15
"Marmalade",8.99448270263672,2023-03-16
"Marmalade",17.9213699462891,2023-03-17
"Marmalade",29.8794541015625,2023-03-18
"Marmalade",47.8028178833008,2023-03-19
"Marmalade",14.4872320556641,2023-03-20
"Marmalade",12.6811634033203,2023-03-21
"Marmalade",18.8130048950195,2023-03-22
"Marmalade",70.5377198974609,2023-03-23
"Marmalade",73.9551106567383,2023-03-24
"Marmalade",60.497751940918,2023-03-25
"Marmalade",31.3269321289063,2023-03-26
"Marmalade",47.2521970214844,2023-03-27
"Marmalade",26.5203604614258,2023-03-28
"Marmalade",37.2131213745117,2023-03-29
"Marmalade",89.937004296875,2023-03-30
"Marmalade",33.1726645996094,2023-03-31
"Marmalade",65.263303515625,2023-04-01
"Marmalade",5.11540906982422,2023-04-02
"Marmalade",17.5283103393555,2023-04-03
"Marmalade",17.9488010009766,2023-04-04
"Marmalade",54.1636721435547,2023-04-05
"Marmalade",16.1104212524414,2023-04-06
"Marmalade",16.3776780517578,2023-04-07
"Marmalade",15.4509715209961,2023-04-08
"Marmalade",86.2941142944336,2023-04-09
"Marmalade",73.3911311645508,2023-04-10
"Marmalade",19.7770460327148,2023-04-11
"Marmalade",24.5759580444336,2023-04-12
"Marmalade",9.76062563476562,2023-04-13
"Marmalade",9.18158430175781,2023-04-14
"Marmalade",8.98478760986328,2023-04-15
"Marmalade",14.1158025146484,2023-04-16
"Marmalade",8.47495476074219,2023-04-17
